userID,name,uploads,subscribers,videoviews,country,MonthlyEarnings,YearlyEarnings
PewDiePie,PewDiePie,3779,90210848,20772365682,US,66900 - 1100000,802300 - 12800000
T-Series,T-Series,13218,90194329,65092058996,IN,635600 - 10200000,7600000 - 12200000
Gaming,Gaming,0,81888222,0,,124500 - 200000,1500000 - 23900000
YouTube Movies,YouTube Movies,0,77413743,0,,120400 - 1900000,1400000 - 23100000
Sports,Sports,0,75622870,0,,318300 - 5100000,3800000 - 61100000
5-Minute Crafts,5-Minute Crafts,2850,52039165,12853732711,US,319 - 5100,3800 - 61300
Canal KondZilla,Canal KondZilla,995,47785398,23658901687,BR,567600 - 9100000,6800000 - 10900000
SET India,SET India,29688,43974122,30601562478,IN,46500 - 743300,557500 - 8900000
Justin Bieber,Justin Bieber,132,43878072,603895308,CA,7200 - 114600,85900 - 1400000
Cocomelon - Nursery Rhymes,Cocomelon - Nursery Rhymes,408,40551419,22962398422,US,50400 - 807200,605400 - 9700000
Dude Perfect,Dude Perfect,201,40202277,7453264532,US,164900 - 2600000,200000 - 31700000
HolaSoyGerman.,HolaSoyGerman.,137,38503519,3842065134,CL,9500 - 152400,114300 - 1800000
Ed Sheeran,Ed Sheeran,123,37683352,16255758481,GB,6400 - 102600,76900 - 1200000
Badabun,Badabun,3866,37292948,10836102246,MX,21400 - 342700,25700 - 4100000
whinderssonnunes,whinderssonnunes,362,35123697,2858803818,BR,142500 - 2300000,1700000 - 27400000
Ariana Grande`,Ariana Grande`,127,34044586,763302033,US,114 - 1800,1400 - 21800
News,News,0,33992470,0,,17400 - 278700,20900 - 3300000
JustinBieberVEVO,JustinBieberVEVO,122,33770169,18512334420,US,84 - 1300,100 - 1600
Zee Music Company,Zee Music Company,3998,33090848,15546938399,IN,86100 - 1400000,100000 - 16500000
Katy Perry,Katy Perry,95,32641073,358024945,US,61100 - 977400,733100 - 11700000
Fernanfloo,Fernanfloo,534,32393658,6867760534,SV,56500 - 904700,678500 - 10900000
Rihanna,Rihanna,76,31492974,60476288,BB,1200 - 18600,13900 - 222800
Marshmello,Marshmello,270,31451636,5276196776,US,2600 - 41600,31200 - 500000
Felipe Neto,Felipe Neto,1646,31355944,6316964355,BR,39700 - 634900,476200 - 7600000
TheEllenShow,TheEllenShow,10029,31338665,15227530790,US,35800 - 572800,429600 - 6900000
Popular on YouTube,Popular on YouTube,0,29803590,0,,23900 - 381700,286300 - 4600000
YouTube,YouTube,288,28009035,1845149750,US,26300 - 421300,31600 - 5100000
TaylorSwiftVEVO,TaylorSwiftVEVO,82,27679085,16330049371,US,39300 - 628600,471500 - 7500000
EminemVEVO,EminemVEVO,84,26338163,12803106901,US,245200 - 3900000,2900000 - 47100000
KatyPerryVEVO,KatyPerryVEVO,126,26319021,17127297666,US,127 - 200,1500 - 24400
RihannaVEVO,RihannaVEVO,106,26296627,13769077694,US,41 - 658,494 - 7900
VEGETTA777,VEGETTA777,5102,26160012,10173166025,ES,40300 - 644500,483400 - 7700000
Trap Nation,Trap Nation,1615,25617837,8927735808,US,25300 - 404900,303700 - 4900000
Zee TV,Zee TV,62179,25451192,18159686947,IN,27800 - 445100,333800 - 5300000
Maroon 5,Maroon 5,153,24795239,225292873,US,17700 - 282600,21200 - 3400000
Luis Fonsi,Luis Fonsi,73,24598214,16299923,US,64500 - 100000,774300 - 12400000
BRIGHT SIDE,BRIGHT SIDE,2291,24547659,4413453709,,173400 - 2800000,2100000 - 33300000
VanossGaming,VanossGaming,959,24323495,10656216668,CA,1900 - 29700,22300 - 356300
Bruno Mars,Bruno Mars,67,24296338,10426428760,US,12200 - 194400,145800 - 2300000
Smosh,Smosh,1039,24168806,8253579897,US,37100 - 594200,445600 - 7100000
Sony Music India,Sony Music India,2414,24026890,9396840796,IN,27800 - 444600,333500 - 5300000
Movieclips,Movieclips,31912,23912506,21548229627,US,54100 - 86500,648700 - 10400000
Yuya,Yuya,592,23501019,2376565163,MX,52700 - 84300,632200 - 10100000
OneDirectionVEVO,OneDirectionVEVO,171,23172454,8636687095,GB,100300 - 1600000,1200000 - 19300000
Voc Sabia?,Voc Sabia?,789,23099626,2632287523,BR,69700 - 1100000,836400 - 13400000
rezendeevil,rezendeevil,7283,22756174,7836859636,BR,24500 - 391400,293500 - 4700000
[????] ToyPudding TV,[????] ToyPudding TV,2513,22745819,13595988869,US,3900 - 623800,467800 - 7500000
ChuChu TV Nursery Rhymes & Kids,ChuChu TV Nursery Rhymes & Kids Songs,296,22624029,16876807897,IN,56700 - 907400,680600 - 10900000
GR6 EXPLODE,GR6 EXPLODE,2775,22448166,10459994915,BR,131500 - 2100000,1600000 - 25300000
BillionSurpriseToys - Nursery,BillionSurpriseToys - Nursery Rhymes & Songs,262,22438752,7634457490,MX,11800 - 189400,14200 - 2300000
Luisito Comunica,Luisito Comunica,610,22368894,2627691916,MX,24900 - 398500,298900 - 4800000
Alan Walker,Alan Walker,173,22328931,5981936573,NO,106400 - 1700000,1300000 - 20400000
ibighit,ibighit,298,22089490,4918936986,KR,22300 - 356900,267700 - 4300000
? Kids Diana Show,? Kids Diana Show,545,21887636,6783279009,US,35200 - 563600,422700 - 6800000
Ninja,Ninja,857,21759421,1775517995,US,100 - 16100,12100 - 193500
jacksepticeye,jacksepticeye,4060,21734897,10783296802,IE,57 - 907,680 - 10900
Speed Records,Speed Records,6690,21662675,10746125458,IN,36600 - 586100,439600 - 700000
shane,shane,1698,21245806,4860084042,US,127700 - 200000,1500000 - 24500000
NoCopyrightSounds,NoCopyrightSounds,602,21123917,5882394358,GB,244400 - 3900000,2900000 - 46900000
Selena Gomez,Selena Gomez,170,20752656,472992261,US,62600 - 100000,751100 - 1200000
J Balvin,J Balvin,39,20371997,114188432,CO,91800 - 1500000,1100000 - 17600000
The Tonight Show Starring Jimmy,The Tonight Show Starring Jimmy Fallon,5084,20323868,10883936623,US,5600 - 89800,67400 - 1100000
El Reino Infantil,El Reino Infantil,710,20272228,19539301311,AR,87700 - 1400000,1100000 - 16800000
Like Nastya Vlog,Like Nastya Vlog,231,20260198,7912134752,RU,35900 - 574700,43100 - 6900000
BLACKPINK,BLACKPINK,216,20177528,4916071565,KR,91900 - 1500000,1100000 - 17700000
Daddy Yankee,Daddy Yankee,332,20111083,7077962964,PR,33200 - 531100,398300 - 6400000
KSI,KSI,1184,20108741,4730806918,GB,12500 - 200500,150400 - 2400000
WORLDSTARHIPHOP,WORLDSTARHIPHOP,5242,20094259,13972441230,US,Mar-44,33 - 531
David Guetta,David Guetta,488,20031301,11099656270,US,85700 - 1400000,100000 - 16500000
SonyMusicIndiaVEVO,SonyMusicIndiaVEVO,2994,19905287,8770486131,US,13500 - 215900,161900 - 2600000
shakiraVEVO,shakiraVEVO,144,19412733,15695906119,US,51200 - 818800,614100 - 9800000
JennaMarbles,JennaMarbles,441,19401558,3070410584,US,140200 - 2200000,1700000 - 26900000
Maluma,Maluma,1,18956717,689349,,29300 - 468800,351600 - 5600000
ArianaGrandeVevo,ArianaGrandeVevo,106,18897200,11322822518,US,8400 - 13400,100500 - 1600000
Logan Paul Vlogs,Logan Paul Vlogs,605,18850921,4305096047,US,116 - 1900,1400 - 22200
The Late Late Show with James,The Late Late Show with James Corden,3291,18712067,5655145610,US,45400 - 726500,544900 - 8700000
Ryan ToysReview,Ryan ToysReview,1327,18664546,28167288987,US,22100 - 354400,265800 - 4300000
BuzzFeedVideo,BuzzFeedVideo,5916,18609118,14931199045,US,3800 - 6100,45700 - 731600
Skrillex,Skrillex,164,18597928,4978843432,US,24900 - 399100,299300 - 4800000
Nicki Minaj,Nicki Minaj,18,18450682,87946475,US,1400 - 2300,17200 - 27600
LuisFonsiVEVO,LuisFonsiVEVO,66,18382658,10510276244,US,5500 - 88600,66500 - 1100000
LosPolinesios,LosPolinesios,437,18360676,3456300786,MX,18600 - 298100,223600 - 3600000
CanalCanalha,CanalCanalha,208,18303161,1288709450,BR,17800 - 284300,213200 - 3400000
Jake Paul,Jake Paul,756,18261239,5546768762,US,3900 - 624700,468500 - 7500000
Vevo,Vevo,1560,18188791,570738961,US,25800 - 412100,309100 - 4900000
The Chainsmokers,The Chainsmokers,151,17943272,727534430,US,80700 - 1300000,96900 - 15500000
Wiz Khalifa,Wiz Khalifa,453,17758541,8613983011,US,785 - 12600,9400 - 150700
TEDx Talks,TEDx Talks,129951,17651308,3170930713,US,85600 - 1400000,100000 - 16400000
Ultra Music,Ultra Music,3734,17550409,10203295363,US,286800 - 4600000,3400000 - 55100000
Collins Key,Collins Key,230,17336317,3127029394,US,900 - 143700,107700 - 1700000
T-Series Bhakti Sagar,T-Series Bhakti Sagar,20238,17245661,6757736729,IN,57 - 918,689 - 1100
Enrique Iglesias,Enrique Iglesias,353,17238027,350784484,US,70500 - 1100000,846100 - 13500000
Tips Official,Tips Official,2534,17202428,7083476857,IN,17300 - 276600,207500 - 3300000
Vlad and Nikita,Vlad and Nikita,96,17152376,5794310671,US,18300 - 292900,219700 - 3500000
Kimberly Loaiza,Kimberly Loaiza,81,17087598,975293961,MX,4700 - 75700,56700 - 907900
ImagineDragons,ImagineDragons,51,17065955,18139469,US,74500 - 1200000,893900 - 14300000
Bad Bunny,Bad Bunny,27,16826524,4252888497,PR,23200 - 371900,278900 - 4500000
DrossRotzank,DrossRotzank,1204,16776543,3512117238,AR,81500 - 1300000,977900 - 15600000
AuthenticGames,AuthenticGames,3600,16711960,6661227552,BR,16800 - 269400,202100 - 3200000
Liza Koshy,Liza Koshy,148,16668809,1985455439,US,2100 - 336600,252400 - 400000
Pinkfong! Kids' Songs & Stories,Pinkfong! Kids' Songs & Stories,1187,16508092,7821768922,US,38900 - 621700,466300 - 7500000
PopularMMOs,PopularMMOs,4396,16367966,12691886414,US,18700 - 299900,224900 - 3600000
Aaj Tak,Aaj Tak,85467,16323633,4076110688,IN,1300 - 20900,15700 - 250800
BANGTANTV,BANGTANTV,939,16238069,2195972072,KR,57800 - 925600,694200 - 11100000
Ali-A,Ali-A,3108,16234127,4407686804,GB,26800 - 428600,321500 - 5100000
MrBeast,MrBeast,713,16183853,2116517638,US,77900 - 1200000,935300 - 1500000
AdeleVEVO,AdeleVEVO,31,16064917,8007732868,GB,57 - 920,690 - 1100
Calvin Harris,Calvin Harris,70,16019313,124395405,GB,57900 - 926200,694700 - 11100000
Galinha Pintadinha,Galinha Pintadinha,48,15946720,11136515492,BR,14200 - 227600,170700 - 2700000
GENIAL,GENIAL,1979,15863053,2131861282,,10600 - 168900,126700 - 200000
1theK (????),1theK (????),14970,15776179,12676846395,KR,85900 - 1400000,100000 - 16500000
ChrisBrownTV,ChrisBrownTV,16,15759403,31748232,US,8800 - 140400,105300 - 1700000
Maroon5VEVO,Maroon5VEVO,114,15525250,12399957847,US,22300 - 356800,267600 - 4300000
SelenaGomezVEVO,SelenaGomezVEVO,127,15472807,7029167647,US,3600 - 57900,43500 - 695200
TheWillyrex,TheWillyrex,5368,15437444,5386089079,ES,3400 - 5500,41200 - 66000
T-Series Apna Punjab,T-Series Apna Punjab,3881,15435070,7592067313,IN,21100 - 337400,25300 - 400000
Juan De Dios Pantoja,Juan De Dios Pantoja,149,15285849,1076688278,MX,2400 - 38800,29100 - 46600
James Charles,James Charles,210,15239480,1307700144,US,5000 - 800400,600300 - 9600000
Roman Atwood Vlogs,Roman Atwood Vlogs,1603,15211605,4986685809,US,208 - 3300,2500 - 39900
The Weeknd,The Weeknd,65,15194705,754852276,CA,29200 - 467500,350600 - 5600000
Good Mythical Morning,Good Mythical Morning,2188,15166128,5245376926,US,33200 - 531900,398900 - 6400000
CaELiKe,CaELiKe,477,15148005,1346719928,MX,35200 - 563800,422800 - 6800000
GMM GRAMMY OFFICIAL,GMM GRAMMY OFFICIAL,6336,15146618,14938355873,TH,31700 - 506700,38000 - 6100000
Demi Lovato,Demi Lovato,189,15135315,393354542,US,103600 - 1700000,1200000 - 19900000
Lucas and Marcus,Lucas and Marcus,424,14977125,3455199927,,19900 - 319100,239400 - 3800000
Lil pump,Lil pump,41,14952192,2822002420,,2800 - 447200,335400 - 5400000
MalumaVEVO,MalumaVEVO,93,14933802,10945347314,US,9700 - 155800,116900 - 1900000
Shemaroo,Shemaroo,6679,14880123,6593000190,IN,5500 - 88400,66300 - 1100000
one31,one31,58417,14617276,10269637865,TH,4200 - 67300,50500 - 808100
AuronPlay,AuronPlay,379,14592471,1857462281,ES,18700 - 299500,224600 - 3600000
1MILLION Dance Studio,1MILLION Dance Studio,1457,14578228,3359277255,KR,17900 - 285800,214400 - 3400000
FailArmy,FailArmy,733,14530319,5121440535,US,300 - 4800,3600 - 576500
IISuperwomanII,IISuperwomanII,773,14516149,2999789626,CA,4100 - 65300,4900 - 783600
ERB,ERB,69,14399322,3093566197,US,495 - 7900,5900 - 9500
Charlie Puth,Charlie Puth,78,14350082,5557472891,US,6200 - 99800,74800 - 1200000
Willyrex,Willyrex,4721,14280039,3442159724,ES,26400 - 42300,317200 - 5100000
Vsauce,Vsauce,378,14276229,1574511081,GB,6800 - 108800,81600 - 1300000
EeOneGuy,EeOneGuy,316,14155297,3290062119,US,14700 - 235100,176300 - 2800000
Pop Music - Topic,Pop Music - Topic,0,14147968,0,,59400 - 951200,713400 - 11400000
DJ Snake,DJ Snake,85,14135635,42694591,US,31100 - 49800,373500 - 600000
Brave Wilderness,Brave Wilderness,513,14124524,2565662561,US,23400 - 374500,280900 - 4500000
Coldplay,Coldplay,208,14069185,8742936888,GB,17900 - 287100,215300 - 3400000
Rclbeauty101,Rclbeauty101,409,14043917,3278246970,US,2000 - 320400,240300 - 3800000
Cia. Daniel Saboya,Cia. Daniel Saboya,798,13932226,3952744270,BR,25300 - 404400,303300 - 4900000
Jimmy Kimmel Live,Jimmy Kimmel Live,3808,13928957,7342879069,US,76200 - 1200000,914600 - 14600000
jbalvinVEVO,jbalvinVEVO,144,13910095,11390320927,CO,23700 - 379200,284400 - 4600000
Lele Pons,Lele Pons,111,13905151,2589446187,US,21600 - 34600,259500 - 4200000
Unbox Therapy,Unbox Therapy,1571,13904321,2749581672,CA,4500 - 71800,53800 - 861200
jeffreestar,jeffreestar,331,13792620,1495145932,US,38800 - 620600,465500 - 7400000
Linkin Park,Linkin Park,491,13733988,6895889144,US,5900 - 93800,70400 - 1100000
Gaane Sune Ansune,Gaane Sune Ansune,2027,13695665,6189181644,IN,15300 - 244900,183600 - 2900000
EnriqueIglesiasVEVO,EnriqueIglesiasVEVO,132,13678085,11944885789,US,2700 - 432300,324200 - 5200000
BeyoncVEVO,BeyoncVEVO,131,13600886,9435564611,US,123500 - 200000,1500000 - 23700000
JukiLop,JukiLop,71,13566308,838978140,MX,24600 - 392900,294700 - 4700000
Totoykids,Totoykids,752,13419188,6421641381,BR,6500 - 103500,77600 - 1200000
Wengie,Wengie,230,13408655,1371356460,US,16300 - 26100,195700 - 3100000
NickiMinajAtVEVO,NickiMinajAtVEVO,63,13373424,6319522951,US,13700 - 219400,164500 - 2600000
Tasty,Tasty,2805,13348952,2520240029,US,40600 - 649500,487100 - 7800000
netd mzik,netd mzik,9686,13295102,28026880244,TR,138 - 2200,1700 - 26400
Guava Juice,Guava Juice,1280,13287141,5408380452,US,5300 - 84300,63200 - 100000
TED,TED,2981,13124227,1362658314,US,16400 - 262300,196700 - 3100000
BB Ki Vines,BB Ki Vines,138,13017599,1632904409,IN,33100 - 530300,397800 - 6400000
HowToBasic,HowToBasic,491,13001875,2113372762,AU,63800 - 100000,765700 - 12300000
Miss Katy,Miss Katy,615,12950496,6548966849,GB,2300 - 368200,276100 - 4400000
Lady Gaga,Lady Gaga,162,12933375,111506188,US,9500 - 151700,113800 - 1800000
Cyprien,Cyprien,154,12900594,2160138925,FR,40700 - 651800,488900 - 7800000
Renato Garcia,Renato Garcia,1677,12822637,1647250495,BR,35700 - 571800,428900 - 6900000
Atta Halilintar,Atta Halilintar,422,12769767,989732416,ID,19800 - 316100,237100 - 3800000
Venus,Venus,4119,12714512,4638834462,IN,12100 - 19300,144700 - 2300000
SQUEEZIE,SQUEEZIE,1292,12707790,5957614293,FR,25 - 395,296 - 4700
officialpsy,officialpsy,93,12688042,7162519132,KR,11800 - 188800,141600 - 2300000
Erlania e Valentina,Erlania e Valentina,627,12662629,3289752902,BR,63500 - 100000,76200 - 12200000
CalvinHarrisVEVO,CalvinHarrisVEVO,122,12659287,10484334924,US,20300 - 325400,24400 - 3900000
ChrisBrownVEVO,ChrisBrownVEVO,189,12594266,7851432573,US,10500 - 167600,125700 - 200000
ExtraPolinesios,ExtraPolinesios,280,12572613,2195698268,MX,49300 - 788500,591400 - 9500000
Becky G,Becky G,54,12518280,33836596,US,557 - 8900,6700 - 10700
Boyce Avenue,Boyce Avenue,357,12514257,4554939304,US,6600 - 1100000,791400 - 12700000
La Granja de Zenn,La Granja de Zenn,176,12502970,6457630562,AR,6100 - 97500,73100 - 1200000
Mr Bean,Mr Bean,1460,12487018,4426076529,GB,31500 - 503800,377800 - 600000
AM3NlC,AM3NlC,3906,12478691,3494078927,BR,56400 - 902200,676700 - 10800000
Troom Troom,Troom Troom,823,12406280,3791836633,US,30400 - 486100,364600 - 5800000
Romeo Santos,Romeo Santos,14,12383188,337368027,US,1700 - 2700,20300 - 324100
Rajshri,Rajshri,5623,12372807,6475172193,IN,7600 - 121700,91300 - 1500000
Musas,Musas,485,12365821,1555159642,MX,19800 - 316600,237400 - 3800000
Like Nastya,Like Nastya,231,12290238,3643164469,RU,40800 - 653100,489800 - 7800000
Stacy Toys,Stacy Toys,149,12275551,3775511965,US,13500 - 215900,16200 - 2600000
ChainsmokersVEVO,ChainsmokersVEVO,136,12230955,8369816932,US,34400 - 550400,412800 - 6600000
Miley Cyrus,Miley Cyrus,75,12224175,305519023,US,29400 - 47100,353200 - 5700000
The Slow Mo Guys,The Slow Mo Guys,247,12190813,1667691706,US,6700 - 107700,80800 - 1300000
Reaction Time,Reaction Time,1378,12181503,3580937652,US,15200 - 242800,182100 - 2900000
5-Minute Crafts GIRLY,5-Minute Crafts GIRLY,1273,12177203,1856502004,US,13300 - 212600,159400 - 2600000
Technical Guruji,Technical Guruji,2189,12066121,1109586490,IN,7800 - 1200000,935600 - 1500000
Mister Max,Mister Max,695,12035339,6681276966,GB,36200 - 579100,434300 - 6900000
DisneyMusicVEVO,DisneyMusicVEVO,773,12020991,7715627755,US,5500 - 88200,66200 - 1100000
DemiLovatoVEVO,DemiLovatoVEVO,165,12004905,4403928924,US,276 - 4400,3300 - 5300
Britain's Got Talent,Britain's Got Talent,2187,11963008,7163769327,GB,43200 - 690800,518100 - 8300000
Major Lazer,Major Lazer,242,11960967,6332458550,JM,25100 - 401400,30100 - 4800000
Las Ratitas,Las Ratitas,129,11943048,3345860579,ES,8500 - 1400000,100000 - 16300000
5-Minute Crafts KIDS,5-Minute Crafts KIDS,1490,11901649,2190071882,US,1900 - 30400,22800 - 3600000
Manual do Mundo,Manual do Mundo,1438,11847324,2028986599,BR,538 - 8600,6500 - 103300
Zoella,Zoella,377,11845560,1105056872,GB,2800 - 44900,33700 - 539200
ABP NEWS,ABP NEWS,120340,11820271,3157711048,IN,9300 - 148300,111200 - 1800000
Kids TV - Nursery Rhymes And Baby,Kids TV - Nursery Rhymes And Baby Songs,2408,11790536,6085214571,US,79800 - 1300000,957400 - 15300000
CKN Toys,CKN Toys,501,11789573,10238529566,AU,6300 - 10000,7500 - 1200000
IGN,IGN,131878,11773561,8768337240,US,541 - 8700,6500 - 103900
Pitbull,Pitbull,222,11713938,212779073,US,43200 - 690700,51800 - 8300000
NikkieTutorials,NikkieTutorials,712,11704836,1016254155,NL,1400 - 21900,16400 - 263200
FaZe Rug,FaZe Rug,1407,11669354,2251162363,US,5800 - 92200,69200 - 1100000
???? ???? ????? |,???? ???? ????? | toyoraljanahtv,2317,11613765,10070454598,JO,1700 - 27200,20400 - 3300000
H2ODelirious,H2ODelirious,1749,11602864,2702497722,US,30400 - 486500,364900 - 5800000
Sky Does Everything,Sky Does Everything,1903,11601707,3783345590,US,24600 - 393500,295200 - 4700000
David Dobrik,David Dobrik,554,11556003,4208248860,US,18300 - 293400,22000 - 3500000
Little Mix,Little Mix,242,11551989,61844614,GB,4800 - 76100,57100 - 913300
Lindsey Stirling,Lindsey Stirling,118,11540895,2553838661,US,5800 - 93400,7000 - 1100000
MattyBRaps,MattyBRaps,242,11534777,5339679100,US,8900 - 143100,107300 - 1700000
Ricis Official,Ricis Official,481,11505892,1274778500,ID,20800 - 333500,250100 - 400000
Anitta,Anitta,44,11503784,3438091236,BR,6700 - 107500,80600 - 1300000
AviciiOfficialVEVO,AviciiOfficialVEVO,110,11502641,6093727950,SE,5500 - 88500,66400 - 1100000
iTownGamePlay *Terror&Diversin*,iTownGamePlay *Terror&Diversin*,5336,11472890,3533147798,ES,5800 - 92500,69400 - 1100000
The Game Theorists,The Game Theorists,507,11452798,1958614141,US,20700 - 330500,247900 - 400000
DeToxoMoroxo,DeToxoMoroxo,326,11379500,1295346483,MX,49300 - 789300,59200 - 9500000
ShawnMendesVEVO,ShawnMendesVEVO,113,11362955,5782256538,US,15900 - 254500,190900 - 3100000
NORMAN FAIT DES VIDOS,NORMAN FAIT DES VIDOS,160,11355982,2092065032,FR,2400 - 383800,287900 - 4600000
Wassabi,Wassabi,888,11353926,4037071898,US,1200 - 192700,144500 - 2300000
Kurt Hugo Schneider,Kurt Hugo Schneider,477,11331174,2888593446,US,13600 - 217200,162900 - 2600000
MrSuicideSheep,MrSuicideSheep,2232,11320668,4592996116,CA,6600 - 105100,78800 - 1300000
TV Shows,TV Shows,0,11311651,0,US,38900 - 622400,466800 - 7500000
Hip Hop Music - Topic,Hip Hop Music - Topic,0,11273156,0,,319 - 5100,3800 - 61200
CookieSwirlC,CookieSwirlC,3061,11269378,10896443831,US,14500 - 231700,173800 - 2800000
NaoFun Toys,NaoFun Toys,1643,11248643,4516644393,US,1700 - 27300,20500 - 327500
TheWeekndVEVO,TheWeekndVEVO,44,11221952,7483201040,CA,9600 - 152900,114600 - 1800000
JFlaMusic,JFlaMusic,221,11209545,2083548930,KR,4300 - 69300,5200 - 831700
ashish chanchlani vines,ashish chanchlani vines,125,11189948,977471969,IN,6500 - 103800,77800 - 1200000
Fatos Desconhecidos,Fatos Desconhecidos,2299,11185796,1334939729,BR,4300 - 68500,51300 - 821600
Lachlan,Lachlan,3153,11127416,2785130706,AU,13500 - 215700,161800 - 2600000
5incominutos,5incominutos,289,11110080,825409133,BR,20500 - 328100,246100 - 3900000
Makiman131,Makiman131,2456,11097491,2632413715,ES,17100 - 273500,205100 - 3300000
Dani Russo Tv,Dani Russo Tv,121,11083280,495084952,BR,12800 - 205200,153900 - 2500000
The King of Random,The King of Random,871,11052227,2227363323,US,23800 - 380500,285400 - 4600000
CaseyNeistat,CaseyNeistat,1002,11050039,2525258515,US,1300 - 20800,15600 - 249100
TazerCraft,TazerCraft,3081,11047969,3753748206,BR,4100 - 65400,4900 - 784600
CrazyRussianHacker,CrazyRussianHacker,1308,11021311,2542397640,US,9400 - 150100,112600 - 1800000
BIGBANG,BIGBANG,773,10991647,5144986591,KR,5200 - 83600,62700 - 100000
NBA,NBA,30259,10970510,5441227061,US,26500 - 423700,317800 - 5100000
Minecraft - Topic,Minecraft - Topic,0,10936824,0,,484 - 7800,5800 - 9300
SSundee,SSundee,2085,10921694,4410580310,US,73100 - 1200000,877500 - 1400000
REACT,REACT,1560,10916568,3472328247,US,43200 - 690900,518200 - 8300000
TheOdd1sOut,TheOdd1sOut,110,10915615,1901866014,US,500 - 79400,59600 - 952800
Everson Zoio,Everson Zoio,370,10830834,686325981,BR,51700 - 826800,620100 - 9900000
RiceGum,RiceGum,310,10790382,1978790121,US,1300 - 21200,15900 - 253900
Noor Stars,Noor Stars,415,10773388,1216537436,AE,963 - 15400,11600 - 184900
MileyCyrusVEVO,MileyCyrusVEVO,54,10712918,3501049120,US,1300 - 2100,15800 - 252400
Baby Big Mouth,Baby Big Mouth,3561,10677217,11396962817,CA,900 - 144500,108400 - 1700000
RomanAtwood,RomanAtwood,118,10628230,1468051970,US,22600 - 36200,271500 - 4300000
FGTeeV,FGTeeV,1221,10585709,10325959397,US,24700 - 394800,296100 - 4700000
ImagineDragonsVEVO,ImagineDragonsVEVO,104,10541195,6626682774,US,24800 - 396500,297400 - 4800000
Miranda Sings,Miranda Sings,795,10522670,1954241197,US,11600 - 185400,13900 - 2200000
Geet MP3,Geet MP3,190,10503567,2672316745,IN,233 - 3700,2800 - 44800
fouseyTUBE,fouseyTUBE,148,10481891,1566541469,US,31800 - 508800,381600 - 6100000
Jennifer Lopez,Jennifer Lopez,88,10466238,137090865,US,42100 - 67400,505500 - 8100000
EU FICO LOKO,EU FICO LOKO,800,10466025,894179141,BR,100500 - 1600000,1200000 - 19300000
Toys AndMe,Toys AndMe,663,10436184,2453750916,GB,48 - 775,581 - 9300
Hear This Music,Hear This Music,28,10423510,5068933785,PR,3400 - 54900,41200 - 659100
SiaVEVO,SiaVEVO,98,10420764,7508859092,US,5500 - 88400,66300 - 1100000
Tu COSMOPOLIS,Tu COSMOPOLIS,1802,10412418,1896113245,MX,26300 - 420700,315500 - 500000
Enaldinho,Enaldinho,511,10359263,1187959061,BR,11100 - 177500,133200 - 2100000
Bethany Mota,Bethany Mota,481,10354644,990770255,US,10700 - 171200,128400 - 2100000
Turma da Mnica,Turma da Mnica,741,10352767,7767832256,BR,31300 - 500200,375200 - 600000
Paulo Londra,Paulo Londra,21,10347099,2000746972,AR,21300 - 340900,255700 - 4100000
Toys And Little Gaby,Toys And Little Gaby,238,10342232,3382538681,GB,15800 - 253300,19000 - 300000
#Education,#Education,0,10334917,0,,120500 - 1900000,1400000 - 23100000
Meghan Trainor,Meghan Trainor,11,10321544,2450723,US,28600 - 457500,343200 - 5500000
Galo Frito,Galo Frito,384,10313712,1602354448,BR,160400 - 2600000,1900000 - 30800000
ExpCaseros,ExpCaseros,669,10309570,1929455900,ES,34500 - 552500,414400 - 6600000
Kwebbelkop,Kwebbelkop,3915,10286445,3869821514,US,2700 - 43700,32800 - 524100
FifthHarmonyVEVO,FifthHarmonyVEVO,87,10272988,5671582684,US,11200 - 17900,134200 - 2100000
Planeta das Gmeas,Planeta das Gmeas,463,10263106,2468927382,BR,11800 - 188200,141200 - 2300000
Sonotek,Sonotek,8014,10241126,3490161467,IN,8700 - 139500,104700 - 1700000
Dua Lipa,Dua Lipa,86,10195886,3377791383,,2900 - 46400,34800 - 557100
America's Got Talent,America's Got Talent,2015,10175699,2437356145,US,11200 - 179200,134400 - 2100000
Boram Tube ToysReview [????,Boram Tube ToysReview [????,192,10173821,2922500094,KR,71 - 1100,856 - 13700
DLS News,DLS News,2211,10144446,1299834431,IN,20200 - 32300,242200 - 3900000
Toys and Colors,Toys and Colors,224,10130333,5845968274,US,15200 - 242900,182200 - 2900000
Goldmines,Goldmines,284,10108716,1686303132,IN,3600 - 58100,43600 - 697100
Bart Baker,Bart Baker,325,10079249,3237073434,US,26400 - 421600,316200 - 5100000
theRadBrad,theRadBrad,6024,10076729,3951564396,US,128 - 2100,1500 - 24600
PitbullVEVO,PitbullVEVO,194,10041885,7708820681,US,23900 - 382700,28700 - 4600000
XpressTV,XpressTV,251,10015988,1439331869,MX,13700 - 218900,164200 - 2600000
CaptainSparklez,CaptainSparklez,4828,10014403,3327976251,US,20300 - 324800,243600 - 3900000
Mejores Juguetes,Mejores Juguetes,1271,9944494,6065700772,ES,28500 - 456100,342100 - 5500000
SAM SMITH,SAM SMITH,12,9939732,103971516,GB,11100 - 177700,133200 - 2100000
FitDance,FitDance,1114,9929078,3087162803,BR,17500 - 280800,210600 - 3400000
Anuel AA,Anuel AA,27,9911980,388445022,CO,400 - 63300,47500 - 759800
AdamThomasMoran,AdamThomasMoran,500,9905468,2053018513,RU,51700 - 827400,620500 - 9900000
Enes Batur,Enes Batur,1749,9877893,4442338287,TR,7400 - 118400,88800 - 1400000
VitalyzdTv,VitalyzdTv,329,9866787,1650746538,US,4900 - 78700,5900 - 944300
Camila Cabello,Camila Cabello,23,9865801,41954311,,22100 - 353100,264900 - 4200000
TheGrefg,TheGrefg,2423,9847250,2485723602,ES,66500 - 1100000,798100 - 12800000
DrakeVEVO,DrakeVEVO,37,9847130,5393202533,US,1400 - 23200,17400 - 27800
Kids Fun,Kids Fun,767,9841511,2173858967,BR,5700 - 90700,6800 - 1100000
Ray,Ray,811,9820543,3011144901,US,5300 - 84800,63600 - 100000
Blossom,Blossom,212,9813387,2481003945,US,94 - 1500,1100 - 1800
INCRVEL,INCRVEL,2133,9809395,1077909795,BR,23500 - 376200,282100 - 4500000
Tfue,Tfue,474,9772331,708691394,US,18100 - 289800,217300 - 3500000
Deji,Deji,1638,9743169,3544564120,GB,30900 - 494800,371100 - 5900000
Cardi B,Cardi B,37,9730073,2766030309,,14700 - 235500,176700 - 2800000
F2Freestylers - Ultimate Soccer,F2Freestylers - Ultimate Soccer Skills,591,9727210,1798861074,GB,11200 - 178400,133800 - 2100000
MrGear,MrGear,845,9682253,2622878199,,23800 - 380200,285100 - 4600000
Gato Galactico,Gato Galactico,829,9675738,1906571484,BR,11600 - 18600,139500 - 2200000
GRAMMY GOLD OFFICIAL,GRAMMY GOLD OFFICIAL,3229,9662633,8723950969,TH,10600 - 170200,127700 - 200000
MyLifeAsEva,MyLifeAsEva,262,9650363,953868790,US,43500 - 696300,522200 - 8400000
Matheus Yurley,Matheus Yurley,179,9612259,471491566,BR,255 - 4100,3100 - 48900
Vete a la Versh,Vete a la Versh,111,9611116,1475640377,MX,2700 - 43600,32700 - 523100
Rooster Teeth,Rooster Teeth,8060,9601284,5781253248,US,73100 - 1200000,877200 - 1400000
elliegoulding,elliegoulding,63,9587115,139221067,GB,5800 - 92600,69400 - 1100000
Live,Live,0,9580146,0,,11300 - 181400,136100 - 2200000
BCC Trolling,BCC Trolling,3600,9575472,2445745786,GB,31800 - 508700,381500 - 6100000
Infinite,Infinite,663,9506807,1209314455,US,7500 - 119400,89500 - 1400000
???????????,???????????,317,9503448,3251708017,UA,7700 - 122500,91900 - 1500000
BuzzFeed Multiplayer,BuzzFeed Multiplayer,1699,9494565,4611460910,US,1400 - 21700,16300 - 260400
LEGENDA FUNK,LEGENDA FUNK,4164,9458605,1853539258,BR,1300 - 20600,15500 - 247300
Emily Tube,Emily Tube,575,9452393,3116798870,GB,53900 - 862100,646600 - 10300000
Katie Angel,Katie Angel,334,9423642,1085037712,US,29100 - 465700,349300 - 5600000
Dolan Twins,Dolan Twins,224,9418898,1284383622,US,12200 - 195900,146900 - 2400000
Genevieve's Playhouse - Toy,Genevieve's Playhouse - Toy Learning for Kids,449,9395470,4266723948,US,22500 - 360400,270300 - 4300000
zayn,zayn,11,9371581,43661783,US,4200 - 67500,50600 - 810100
Juanpa Zurita,Juanpa Zurita,157,9364858,529652550,MX,622 - 1000,7500 - 119500
LadyGagaVEVO,LadyGagaVEVO,146,9363430,6766939514,US,17200 - 275100,206300 - 3300000
InfantiLandia,InfantiLandia,28,9356653,790066459,ES,26600 - 425400,319100 - 5100000
Invento na Hora,Invento na Hora,537,9349291,1396574570,BR,9600 - 15300,114700 - 1800000
Gibby :),Gibby :),141,9343266,1685299804,MX,28600 - 457300,34300 - 5500000
Atlantic Records,Atlantic Records,1072,9315553,8606169883,US,1400 - 224200,168100 - 2700000
Coisa de Nerd,Coisa de Nerd,1833,9313151,2462155451,BR,3500 - 56500,42300 - 677500
MAIKI021,MAIKI021,1003,9301078,951718702,BR,529 - 8500,6300 - 101500
Primitive Technology,Primitive Technology,42,9299287,686895225,AU,5500 - 88300,66200 - 1100000
Rayito,Rayito,367,9278378,846805500,MX,1400 - 223300,167500 - 2700000
LazarBeam,LazarBeam,1047,9277149,2370094704,AU,5500 - 88700,66500 - 1100000
KBS World TV,KBS World TV,34117,9274379,6123590528,KR,2800 - 44600,33400 - 535100
Talking Tom,Talking Tom,231,9210068,4130075690,US,14300 - 229300,17200 - 2800000
??????????,?????????? ??????????,462,9182399,1924794049,RU,8600 - 137900,103400 - 1700000
RomeoSantosVEVO,RomeoSantosVEVO,139,9128539,7674389173,US,5500 - 87300,65500 - 100000
CrashCourse,CrashCourse,1100,9110247,1021302081,US,6600 - 105700,79300 - 1300000
BFvsGF,BFvsGF,1854,9101138,2948419817,US,27200 - 43600,32700 - 5200000
Kaykai Salaider,Kaykai Salaider,209,9094574,1449700079,,16100 - 257300,19300 - 3100000
Henrique e Juliano,Henrique e Juliano,175,9078492,6037145838,BR,229 - 3700,2800 - 4400
Antrax,Antrax,354,9078061,1197129386,MX,8500 - 135600,101700 - 1600000
Morgz,Morgz,555,9058079,1322153439,GB,2300 - 37400,2800 - 448800
Preston,Preston,3554,9037082,2902234984,US,25800 - 413100,309800 - 500000
luisitorey,luisitorey,574,9036126,1575312771,MX,59200 - 947400,710500 - 11400000
Karolgmusic,Karolgmusic,73,9035601,384507223,CO,3200 - 51500,38600 - 617700
stampylonghead,stampylonghead,3457,9034712,6953824807,GB,2600 - 4100,30700 - 491400
Wesley Safado,Wesley Safado,252,9012946,4156964419,BR,48900 - 781600,586200 - 9400000
Avril Lavigne,Avril Lavigne,114,8993418,189369521,US,2100 - 3400,25500 - 40800
Joey Graceffa,Joey Graceffa,1939,8990305,1871446502,US,3600 - 56900,42700 - 682600
Pina Records,Pina Records,317,8982049,5167577424,PR,13200 - 210800,158100 - 2500000
Ami Rodriguez,Ami Rodriguez,258,8975083,1079464189,CO,14500 - 232700,174500 - 2800000
LaurDIY,LaurDIY,599,8967690,1092394498,US,10600 - 169900,127400 - 200000
Billie Eilish,Billie Eilish,18,8940824,217020741,US,19500 - 311500,233600 - 3700000
StarPlus,StarPlus,7895,8936379,2193504656,IN,57700 - 923100,692300 - 11100000
Gordon Ramsay,Gordon Ramsay,718,8899908,1481059957,GB,17100 - 274200,205600 - 3300000
Michelle Phan,Michelle Phan,249,8897051,1033424490,US,100 - 16300,12200 - 19600
Camila Loures,Camila Loures,924,8886664,1068816835,BR,735 - 11800,8800 - 141100
HellomaphieMX,HellomaphieMX,247,8876442,889950650,MX,13700 - 219300,164500 - 2600000
SIS vs BRO,SIS vs BRO,290,8868882,3352378047,CA,3400 - 5500,41200 - 659800
Wave Music - Bhojpuri,Wave Music - Bhojpuri,16867,8828983,4832938018,IN,171 - 2700,2100 - 32800
Conor Maynard,Conor Maynard,250,8819326,1712132693,GB,4200 - 66800,50100 - 801800
luzugames,luzugames,2361,8754719,1481939166,ES,8800 - 140300,105200 - 1700000
Worldwide Records Bhojpuri,Worldwide Records Bhojpuri,2181,8753731,4109470235,IN,53200 - 851900,638900 - 10200000
The World Adventures,The World Adventures ??????,287,8742401,1029815549,IN,9200 - 146900,110200 - 1800000
Farruko,Farruko,113,8723184,658815017,US,3500 - 56500,42300 - 677500
Sebastin Yatra,Sebastin Yatra,57,8722773,396905201,US,2400 - 3800,28500 - 456200
Bie The Ska,Bie The Ska,832,8719412,2623168283,TH,8100 - 128800,96600 - 1500000
Jorge & Mateus Oficial,Jorge & Mateus Oficial,238,8717243,4157365037,BR,3800 - 6100,45800 - 732400
MeghanTrainorVEVO,MeghanTrainorVEVO,51,8709570,5605162348,US,30900 - 495100,371300 - 5900000
The LaBrant Fam,The LaBrant Fam,293,8704805,2234288859,US,63600 - 100000,762900 - 12200000
Lyrical Lemonade,Lyrical Lemonade,324,8699589,2740406019,US,18500 - 296200,222100 - 3600000
twenty one pilots,twenty one pilots,107,8697758,1753619643,US,1400 - 21800,16400 - 261700
P!NK,P!NK,9,8697446,34014166,US,3700 - 59100,44400 - 709700
grav3yardgirl,grav3yardgirl,1486,8686590,1564620381,US,3500 - 559300,419500 - 6700000
Marmok,Marmok,239,8681926,1255572863,US,19800 - 316100,237100 - 3800000
Tanner Fox,Tanner Fox,1063,8678525,1715682725,US,269 - 4300,3200 - 51700
CNCO,CNCO,92,8672576,54829800,US,21100 - 337300,252900 - 400000
DalasReview,DalasReview,820,8653113,1809478237,ES,46500 - 744200,558200 - 8900000
FactTechz,FactTechz,182,8648733,600943185,IN,27200 - 434700,326100 - 5200000
Funny Stacy,Funny Stacy,89,8602353,2487617387,,3300 - 52600,39500 - 631500
Dehati India N Masti,Dehati India N Masti,581,8599543,2805352502,IN,4400 - 69700,52300 - 83600
RocketJump,RocketJump,338,8595833,1696735017,US,19500 - 311900,23400 - 3700000
LA DIVAZA,LA DIVAZA,120,8594124,560722142,VE,41600 - 665700,499300 - 800000
Juliana Baltar,Juliana Baltar,555,8591809,1685529950,BR,16400 - 261900,196500 - 3100000
#Refgio Mental,#Refgio Mental,323,8580557,1309149535,,48 - 766,575 - 9200
White Hill Music,White Hill Music,3313,8574194,2992718484,IN,300 - 47900,3600 - 575400
Toy Freaks,Toy Freaks,492,8547801,6933735324,US,2000 - 320100,24000 - 3800000
IDEAS EN 5 MINUTOS,IDEAS EN 5 MINUTOS,1841,8546263,1396401214,,19100 - 305500,229100 - 3700000
YosStoP,YosStoP,557,8534590,823665943,MX,7500 - 120800,90600 - 1400000
AsapSCIENCE,AsapSCIENCE,311,8526233,1208643828,CA,38900 - 622800,467100 - 7500000
Volga Video,Volga Video,31383,8500150,4430519861,IN,1700 - 2700,20200 - 323600
zbing z.,zbing z.,1524,8494739,3236417476,TH,8800 - 14000,10500 - 1700000
DCTC Toy Channel,DCTC Toy Channel,2090,8471758,4614016405,US,9100 - 14600,109500 - 1800000
Troom Troom Es,Troom Troom Es,610,8464144,1729656574,,26100 - 417500,313100 - 500000
Ya - Alisa,Ya - Alisa,46,8442789,905094829,ES,3300 - 52700,39500 - 631900
michaeljacksonVEVO,michaeljacksonVEVO,92,8431950,6443897809,US,25300 - 404200,303100 - 4900000
ZarcortGame,ZarcortGame,260,8421764,1738994868,ES,3300 - 53100,39800 - 637300
Colleen Ballinger,Colleen Ballinger,940,8418400,1432508440,US,12800 - 205600,154200 - 2500000
#Refugio Mental,#Refugio Mental,307,8406958,1711273254,,5100 - 81100,60800 - 972800
Maria Clara & JP,Maria Clara & JP,372,8400461,2266464928,BR,4100 - 65600,49200 - 787100
Linus Tech Tips,Linus Tech Tips,4516,8389435,2521487066,CA,53100 - 850100,637600 - 10200000
Jessie J,Jessie J,89,8355893,78459205,GB,45300 - 725300,54400 - 8700000
Apple,Apple,263,8328919,458770100,US,6600 - 105900,79400 - 1300000
Red Bull,Red Bull,6452,8316164,2158786191,AT,10300 - 164200,123100 - 200000
Kurzgesagt  In a Nutshell,Kurzgesagt  In a Nutshell,95,8304235,576114049,DE,4800 - 77500,58100 - 929800
CinemaSins,CinemaSins,709,8289138,2624931560,US,22300 - 35600,26700 - 4300000
littlemixVEVO,littlemixVEVO,140,8261407,4128016422,GB,2800 - 45300,3400 - 543800
Calon Sarjana,Calon Sarjana,805,8252201,1595951455,ID,500 - 79500,59700 - 954500
Migos ATL,Migos ATL,68,8224997,2033398103,US,39200 - 627100,470400 - 7500000
Vijay Television,Vijay Television,20563,8205070,4921286321,IN,5900 - 94500,70800 - 1100000
ThatcherJoe,ThatcherJoe,291,8189356,1275470258,GB,14600 - 232800,174600 - 2800000
Marques Brownlee,Marques Brownlee,1099,8175838,1224280902,US,12800 - 204600,153500 - 2500000
Programa Pnico,Programa Pnico,3384,8146247,2838181109,BR,17600 - 28200,211500 - 3400000
Jingle Toons,Jingle Toons,176,8145001,2772055132,IN,1100 - 175900,131900 - 2100000
TheBrainDit,TheBrainDit,6429,8033208,2729289399,US,2100 - 32800,24600 - 393900
Haryanvi Maina,Haryanvi Maina,3324,8031424,3622483376,IN,4200 - 66400,49800 - 79700
FROST,FROST,1459,8030085,3028278630,RU,6900 - 110500,82800 - 1300000
EllieGouldingVEVO,EllieGouldingVEVO,98,8028317,4690428500,US,5100 - 81200,60900 - 974700
Tauz,Tauz,161,8020624,1750149484,BR,46400 - 741700,556300 - 8900000
rea Secreta,rea Secreta,784,7991215,981134353,BR,3600 - 57800,43400 - 693900
AzzyLand,AzzyLand,1038,7974060,2282278176,CA,200 - 32700,24500 - 392500
????? ???????? ?,????? ???????? ? ???????,219,7930269,2375694635,RU,1800 - 287700,215700 - 3500000
dangmattsmith,dangmattsmith,477,7926886,1167169205,US,549 - 8800,6600 - 105300
Jazzghost,Jazzghost,3351,7922481,1631571668,BR,3600 - 58300,43700 - 70000
Viih Tube,Viih Tube,447,7918990,592322261,BR,39100 - 625400,46900 - 7500000
Cut,Cut,977,7903065,2473403650,US,3200 - 51700,38800 - 620800
Liza Koshy Too,Liza Koshy Too,71,7893459,555885866,,7400 - 118300,88800 - 1400000
Miniminter,Miniminter,1636,7882624,2726671411,GB,35500 - 567500,425600 - 6800000
Saregama Music,Saregama Music,2208,7864572,2121121355,IN,192 - 3100,2300 - 36900
PDK,PDK,134,7863537,2077953312,US,13400 - 21500,161200 - 2600000
AdMe.ru - ???? ?,AdMe.ru - ???? ? ??????????,1864,7859007,1428029704,RU,59800 - 956600,717500 - 11500000
Luan Santana,Luan Santana,301,7844776,2518546990,BR,4100 - 64800,48600 - 778200
Chill Nation,Chill Nation,1078,7832596,2231433180,US,3800 - 607500,455600 - 7300000
????? ??????,????? ??????,657,7831100,979855459,SA,40700 - 650500,487900 - 7800000
Kika Nieto,Kika Nieto,265,7827223,680419923,CO,27400 - 438700,32900 - 5300000
Tomorrowland,Tomorrowland,1168,7809364,1232291614,BE,5500 - 87300,65500 - 100000
Niki and Gabi,Niki and Gabi,405,7741310,940244319,US,8500 - 135600,101700 - 1600000
Natalies Outlet,Natalies Outlet,303,7723178,1176586936,US,1100 - 1700,12700 - 203600
Saturday Night Live,Saturday Night Live,6681,7719323,5980336541,US,1400 - 22100,16600 - 265600
Yippee Toys,Yippee Toys,1781,7693745,3282841156,US,1400 - 21800,16400 - 261800
Karol Sevilla,Karol Sevilla,220,7659603,661948702,AR,961 - 15400,11500 - 184500
Muselk,Muselk,1402,7656746,2430254805,AU,8200 - 131600,98700 - 1600000
Lil Wayne,Lil Wayne,114,7652735,290322058,US,3200 - 5100,38200 - 611500
BRKsEDU,BRKsEDU,3905,7648364,1390733972,BR,7400 - 117700,88300 - 1400000
Peppa Pig - Official Channel,Peppa Pig - Official Channel,400,7639433,2887185176,US,371 - 5900,4500 - 71300
Doc Tops,Doc Tops,167,7638283,1167848344,IT,2800 - 44300,33200 - 531600
T3ddy,T3ddy,1183,7623349,1047578544,BR,17800 - 285100,213800 - 3400000
Wow Kidz,Wow Kidz,3730,7612209,4619595214,IN,6900 - 110400,82800 - 1300000
Sonotek Haryanvi,Sonotek Haryanvi,2885,7609894,435312744,IN,14 - 223,167 - 2700
Tyler Oakley,Tyler Oakley,564,7553601,674329739,US,4800 - 767700,575800 - 9200000
PinkVEVO,PinkVEVO,121,7552692,4456882270,US,45500 - 728400,546300 - 8700000
KHANDESHI MOVIES,KHANDESHI MOVIES,68,7543656,1824537349,IN,9200 - 146900,110200 - 1800000
colinfurze,colinfurze,255,7538389,830709044,GB,1700 - 26900,20200 - 323300
RedeTV,RedeTV,20058,7534302,4641981943,BR,8400 - 134600,100900 - 1600000
HelloMaphie,HelloMaphie,472,7532909,1409867989,US,15800 - 253100,189900 - 300000
Clean Bandit,Clean Bandit,92,7526939,4703301071,GB,2900 - 46200,34700 - 554600
Lucas Rangel,Lucas Rangel,475,7502258,1015728553,BR,26600 - 426200,319600 - 5100000
Safiya Nygaard,Safiya Nygaard,132,7484204,887283869,US,600 - 96400,72300 - 1200000
OneRepublic,OneRepublic,44,7484117,49397163,US,6400 - 103100,77300 - 1200000
50 Cent,50 Cent,392,7479948,858742893,US,2700 - 42800,32100 - 51400
Caracol Raivoso,Caracol Raivoso,99,7457285,396912440,BR,6200 - 98700,7400 - 1200000
aLexBY11,aLexBY11,3373,7451681,1228293506,ES,16500 - 264200,198200 - 3200000
emimusic,emimusic,805,7450759,2849504784,US,900 - 143900,107900 - 1700000
PlaticaPolinesia,PlaticaPolinesia,89,7444760,864909343,MX,34 - 551,414 - 6600
Gameplayrj,Gameplayrj,13954,7433579,2686916246,BR,3700 - 59600,44700 - 715600
Caspar,Caspar,358,7426015,942346783,GB,1300 - 20100,15100 - 240900
Kim RosaCuca,Kim RosaCuca,761,7417643,687014562,BR,957 - 15300,11500 - 183800
Tekashi 6ix9ine,Tekashi 6ix9ine,4,7415806,1485815538,,6800 - 108700,81500 - 1300000
Matt Stonie,Matt Stonie,332,7415124,1337598373,US,55500 - 888600,666500 - 10700000
DJ Khaled,DJ Khaled,3,7400767,1865568,,2700 - 432100,324100 - 5200000
ABP NEWS HINDI,ABP NEWS HINDI,37466,7397826,1149629573,IN,18500 - 296500,222400 - 3600000
GEN HALILINTAR,GEN HALILINTAR,424,7353455,1270406837,ID,7700 - 122500,91900 - 1500000
LipaoGamer,LipaoGamer,7237,7348239,1742981807,BR,2200 - 351400,263500 - 4200000
Alena Kids Toys,Alena Kids Toys,7,7327544,430938314,US,11500 - 184100,138100 - 2200000
ATHLEAN-X,ATHLEAN-X,998,7322737,1054845118,US,3100 - 48800,36600 - 585900
JenniferLopezVEVO,JenniferLopezVEVO,100,7305445,6125548499,US,3100 - 50400,37800 - 604700
iDubbbzTV,iDubbbzTV,257,7300508,1078609211,US,3600 - 57700,43300 - 692200
LEGO,LEGO,20396,7296598,9018121506,FR,20300 - 325500,244100 - 3900000
Monstercat: Uncaged,Monstercat: Uncaged,1405,7286258,2303926940,CA,3600 - 57400,43100 - 68900
Matre GIMS,Matre GIMS,36,7274425,843559886,FR,4500 - 7200,5400 - 863600
sTaXxCraft,sTaXxCraft,1953,7271297,1635125348,ES,3800 - 60900,45700 - 731100
Neha Kakkar,Neha Kakkar,79,7266887,612020419,IN,1400 - 21900,16400 - 262500
Zee News,Zee News,96428,7263596,1821053247,IN,20100 - 322200,241600 - 3900000
emma chamberlain,emma chamberlain,177,7254334,618698151,US,7800 - 124700,93500 - 1500000
Rae Sremmurd,Rae Sremmurd,38,7244651,18993968,US,12300 - 19700,147800 - 2400000
YOGSCAST Lewis & Simon,YOGSCAST Lewis & Simon,4652,7235884,3966262779,GB,25800 - 413100,309800 - 500000
AWE me,AWE me,387,7232729,793893186,US,17600 - 281200,210900 - 3400000
TeamYouTube [Help],TeamYouTube [Help],113,7228738,78995184,US,912 - 14600,10900 - 175100
Mo Vlogs,Mo Vlogs,1397,7205978,1849489153,AE,60700 - 970600,727900 - 11600000
Webs & Tiaras - Toy Monster,Webs & Tiaras - Toy Monster Compilations,62,7203358,6727576995,CA,5500 - 88400,66300 - 1100000
The Voice,The Voice,1209,7196829,1200667516,US,1400 - 224600,168400 - 2700000
LetsGoMartin - Nursery Rhymes,LetsGoMartin - Nursery Rhymes,239,7189222,2077833057,HU,5800 - 93500,70100 - 1100000
HikakinTV,HikakinTV,2568,7176791,5705455718,JP,800 - 127300,95500 - 1500000
AvrilLavigneVEVO,AvrilLavigneVEVO,85,7163364,3669539717,US,55100 - 882300,661700 - 10600000
???? ????,???? ????,818,7158767,2113928175,RU,37500 - 599500,449600 - 7200000
Denis,Denis,1890,7152063,2696999301,US,8200 - 130400,97800 - 1600000
Bratayley,Bratayley,2568,7143514,3588704240,US,3500 - 560600,420400 - 6700000
Canal Top10,Canal Top10,250,7136600,766780118,BR,8300 - 132200,99100 - 1600000
DALLMYD,DALLMYD,445,7130830,633801123,US,14200 - 227700,170800 - 2700000
Toys Unlimited,Toys Unlimited,1698,7128671,4744291145,US,13 - 212,159 - 2500
melanie martinez,melanie martinez,37,7119021,1340741129,US,1600 - 256100,192100 - 3100000
YOLO,YOLO,72,7116959,358059684,VE,4200 - 67700,50800 - 812800
TsMadaan,TsMadaan,1493,7113927,748329297,IN,14500 - 232600,174400 - 2800000
Simone e Simaria,Simone e Simaria,184,7110327,662551227,BR,8900 - 142400,106800 - 1700000
Talking Angela,Talking Angela,120,7089988,1418692673,GB,311 - 500,3700 - 59600
KendrickLamarVEVO,KendrickLamarVEVO,55,7081637,2389027409,US,800 - 128400,96300 - 1500000
TheTalko,TheTalko,2356,7077426,2928737736,US,3500 - 55300,41400 - 663200
toyorbabytv,toyorbabytv,331,7076638,4411897819,JO,200 - 32300,24200 - 387800
Gallina Pintadita,Gallina Pintadita,35,7075093,5307305553,MX,29400 - 470400,352800 - 5600000
Liova and Toys,Liova and Toys,9,7073911,738721975,US,6900 - 110100,82600 - 1300000
Bounce Patrol Kids,Bounce Patrol Kids,152,7037623,4091329427,AU,13300 - 212400,159300 - 2500000
Desimpedidos,Desimpedidos,1968,7037100,1467241292,BR,24500 - 392100,294100 - 4700000
wifistudy,wifistudy,9873,7029576,669955562,IN,25700 - 411500,308600 - 4900000
Fran Nina e Bel para meninas,Fran Nina e Bel para meninas,1319,7011223,1950951381,BR,35600 - 56900,426800 - 6800000
Lifestyle - Topic,Lifestyle - Topic,0,7005569,0,,1700 - 27600,20700 - 33100
EverythingApplePro,EverythingApplePro,1572,6998821,1663896892,US,9900 - 157600,118200 - 1900000
POPS Kids,POPS Kids,5291,6994984,6426026036,VN,51800 - 829100,621800 - 9900000
NMF News,NMF News,48915,6978941,2531999375,IN,96 - 1500,1100 - 18400
Wylsacom,Wylsacom,1886,6973088,1457065817,RU,7600 - 121700,91300 - 1500000
ThaiCh8 : ???? 8,ThaiCh8 : ???? 8,44178,6966010,4883051604,TH,3200 - 51900,38900 - 622400
Macklemore LLC,Macklemore LLC,128,6956889,3370733863,US,39800 - 636900,477700 - 7600000
Awakening Music,Awakening Music,532,6941657,2910818209,GB,1300 - 21300,15900 - 255100
FUNnel Vision,FUNnel Vision,1,6932757,8543080,US,46500 - 744400,558300 - 8900000
UnspeakableGaming,UnspeakableGaming,2041,6924072,2281036923,US,589 - 9400,7100 - 113100
Prince Royce,Prince Royce,0,6922221,0,,11400 - 182600,13700 - 2200000
Ranz Kyle,Ranz Kyle,226,6918890,671822416,PH,28400 - 454700,34100 - 5500000
Lokdhun Punjabi,Lokdhun Punjabi,1366,6909799,2123517148,IN,4400 - 70800,53100 - 850200
welovekamikaze,welovekamikaze,1868,6905909,3384442995,TH,3400 - 54400,40800 - 652800
Troye Sivan,Troye Sivan,141,6892266,258757650,AU,6500 - 104700,78500 - 1300000
JessieJVEVO,JessieJVEVO,77,6885233,3883516465,GB,100 - 16500,12400 - 198400
OLIE THE CUB,OLIE THE CUB,710,6879666,2152458776,US,3500 - 55500,41700 - 666500
thelonelyisland,thelonelyisland,122,6869584,2146988019,US,5600 - 88900,66700 - 1100000
SamSmithWorldVEVO,SamSmithWorldVEVO,71,6861370,4732044210,US,34200 - 546500,409900 - 6600000
Saad Lamjarred | ??? ?????,Saad Lamjarred | ??? ?????,124,6856842,1865107473,MA,7400 - 119100,89400 - 1400000
LastWeekTonight,LastWeekTonight,265,6846051,1897947753,US,55700 - 890600,66800 - 10700000
Chad Wild Clay,Chad Wild Clay,287,6844948,1431123716,US,1600 - 255900,19200 - 3100000
MK MUSIC,MK MUSIC,3096,6838093,2860343317,BR,11200 - 179700,134800 - 2200000
Kluna Tik,Kluna Tik,206,6837114,2705478426,US,14900 - 238300,178700 - 2900000
SuperToyzCollector,SuperToyzCollector,196,6814503,1337226953,PE,1500 - 240400,180300 - 2900000
Simply Nailogical,Simply Nailogical,403,6811637,1242632723,CA,3200 - 50800,38100 - 609900
Super Polina,Super Polina,301,6806848,1843187739,US,16500 - 263900,197900 - 3200000
Future,Future,26,6803545,30871015,US,12200 - 195100,146300 - 2300000
I AM WILDCAT,I AM WILDCAT,1079,6802777,1454090893,US,6300 - 10100,75700 - 1200000
DETONA FUNK,DETONA FUNK,5287,6802178,1767012931,BR,71 - 1100,851 - 13600
Toys Make Me Smile,Toys Make Me Smile,86,6791155,2195095578,US,2300 - 37200,27900 - 446500
Maryana Ro,Maryana Ro,132,6785169,699243477,RU,4100 - 6500,48800 - 780300
El Reino a Jugar,El Reino a Jugar,311,6773091,3148117315,AR,200 - 32200,24100 - 385900
Rmi GAILLARD,Rmi GAILLARD,144,6768950,1679822035,FR,7100 - 113800,85300 - 1400000
The Q,The Q,136,6761833,1876418644,,30900 - 493800,370400 - 5900000
? Kids Roma Show,? Kids Roma Show,455,6757860,1687260550,US,9800 - 156600,117400 - 1900000
GoPro,GoPro,2042,6745628,1963536111,US,24700 - 394600,295900 - 4700000
Mari Maria,Mari Maria,526,6733375,440842749,,200 - 31500,23600 - 378100
Nisha Madhulika,Nisha Madhulika,1371,6732646,1259755048,IN,4400 - 70900,53200 - 851100
VenomExtreme,VenomExtreme,2506,6712124,1086695152,BR,2300 - 37300,2800 - 447700
Sofia Castro,Sofia Castro,110,6712113,420835466,CO,100 - 16200,12200 - 194500
LMFAOVEVO,LMFAOVEVO,28,6694250,3490049018,US,6900 - 11100,83200 - 1300000
DJSnakeVEVO,DJSnakeVEVO,25,6693805,3781024273,US,489 - 7800,5900 - 9400
BIBI,BIBI,2306,6690453,757678642,BR,23900 - 381700,286300 - 4600000
ARY Digital,ARY Digital,17558,6686955,3347126612,PK,5100 - 81600,61200 - 979600
Zic Zic,Zic Zic,407,6679147,1832176309,,19400 - 310100,232600 - 3700000
justintimberlakeVEVO,justintimberlakeVEVO,66,6676083,3862217848,US,1600 - 255400,191600 - 3100000
NTN Vlogs,NTN Vlogs,248,6668584,1233684968,VN,254 - 4100,3100 - 48900
Kuplinov ? Play,Kuplinov ? Play,4952,6657467,2486356202,RU,3300 - 52800,39600 - 633800
?? ?????,?? ?????,1111,6652919,790997414,SA,169 - 2700,200 - 32500
KSIOlajidebtHD,KSIOlajidebtHD,860,6650187,984812106,GB,33 - 526,395 - 6300
Facts Verse,Facts Verse,1487,6642755,2020708358,US,32500 - 52000,39000 - 6200000
Health Time,Health Time,762,6636140,442790978,IN,396 - 6300,4800 - 76100
Matheus e Kauan,Matheus e Kauan,50,6632310,151616944,BR,7300 - 116700,87500 - 1400000
Amara Que Linda,Amara Que Linda,99,6613984,358216692,CO,3400 - 54800,41100 - 657600
DemolitionRanch,DemolitionRanch,340,6599981,929571686,US,6800 - 10800,8100 - 1300000
sWooZie,sWooZie,354,6599857,1062226918,US,1400 - 22500,16900 - 269700
CJ SO COOL,CJ SO COOL,742,6588736,1307018368,US,1300 - 20700,15500 - 248800
BeckyGVEVO,BeckyGVEVO,55,6585382,4739073510,US,1600 - 255300,191500 - 3100000
Los Juguetes de Titi,Los Juguetes de Titi,1255,6584946,2687388274,,5100 - 82200,61700 - 986700
The Lallantop,The Lallantop,6184,6575648,1182629709,IN,6700 - 107500,80700 - 1300000
iHasCupquake,iHasCupquake,4148,6571860,2666475479,US,27-Feb,20 - 320
LubaTV,LubaTV,870,6557641,802192791,BR,19700 - 315400,236600 - 3800000
Daithi De Nogla,Daithi De Nogla,1124,6544332,1052252872,US,5600 - 89100,66800 - 1100000
TheKateClapp,TheKateClapp,419,6540058,770821392,RU,6900 - 109900,82500 - 1300000
My Mate Nate,My Mate Nate,679,6537290,1244679718,TH,900 - 143300,107400 - 1700000
FPSRussia,FPSRussia,115,6528248,844170573,US,7600 - 121800,91400 - 1500000
FunFun Toy Doll TV,FunFun Toy Doll TV,577,6525355,2663588076,US,30300 - 484500,363400 - 5800000
Isaac do VINE,Isaac do VINE,350,6518185,608736953,BR,18300 - 29300,219800 - 3500000
Rebecca Zamolo,Rebecca Zamolo,545,6505743,1139381599,US,31500 - 503200,377400 - 600000
Online Job,Online Job,1036,6498529,224155022,IN,1800 - 28700,21500 - 344600
Daniel Howell,Daniel Howell,129,6493487,632772129,GB,30300 - 485400,36400 - 5800000
Gabbie Hanna,Gabbie Hanna,305,6490849,930370930,US,1200 - 1900,14300 - 228200
TobyGames,TobyGames,5149,6485764,2038937791,US,3200 - 51100,38300 - 613400
Britney Spears,Britney Spears,68,6484960,60290202,US,1100 - 17400,13100 - 209300
infobells - Telugu,infobells - Telugu,218,6456428,3182736946,IN,19400 - 310200,232600 - 3700000
Canal BOOM,Canal BOOM,177,6450787,632000070,US,600 - 95700,71800 - 1100000
speedyw03,speedyw03,1871,6447928,1562392824,US,2400 - 38500,28900 - 462400
POPS MUSIC,POPS MUSIC,25385,6440194,6216843970,VN,44100 - 705300,528900 - 8500000
Round2hell,Round2hell,51,6439139,497110528,IN,1400 - 23100,17300 - 277200
What's Inside?,What's Inside?,253,6437711,1014016082,US,4800 - 768600,576500 - 9200000
Flavia Calina,Flavia Calina,1469,6435577,2070502463,BR,4700 - 74600,5600 - 895300
Clash Royale,Clash Royale,367,6415509,723261799,,560 - 900,6700 - 107500
Sasha Spilberg,Sasha Spilberg,319,6410423,992851846,RU,2900 - 45800,34300 - 549300
Dobre Brothers,Dobre Brothers,179,6406142,1017998485,,12800 - 204600,153400 - 2500000
BERTH OH!,BERTH OH!,322,6392008,618260874,MX,21100 - 337300,25300 - 400000
Philip DeFranco,Philip DeFranco,2496,6385697,2613837522,US,19700 - 315500,236600 - 3800000
Iggy Azalea,Iggy Azalea,1,6378684,88429,,13400 - 21400,160500 - 2600000
IDEIAS INCRVEIS,IDEIAS INCRVEIS,1843,6367437,927460626,BR,9900 - 158500,118900 - 1900000
??? ????,??? ????,1322,6365496,1080779030,SA,4800 - 77300,5800 - 927500
Luan Palomera,Luan Palomera,624,6362455,819526562,MX,19900 - 31800,238500 - 3800000
ZaynVEVO,ZaynVEVO,65,6360872,2680835726,,3800 - 60800,45600 - 73000
Lizbeth Rodriguez,Lizbeth Rodriguez,63,6360836,240417860,MX,2400 - 384700,288500 - 4600000
Peppa Pig Espaol Latino - Canal,Peppa Pig Espaol Latino - Canal Oficial,293,6352917,1189098346,MX,24100 - 385700,289300 - 4600000
Toy Genie Surprises - Learning,Toy Genie Surprises - Learning Videos for,2285,6349481,3997244581,US,10700 - 171300,128500 - 2100000
CNN,CNN,144679,6348189,4432855144,US,18100 - 289100,216800 - 3500000
SmarterEveryDay,SmarterEveryDay,296,6346783,552023360,US,6900 - 109700,82300 - 1300000
????? ???? | Melon City,????? ???? | Melon City Show,961,6343226,1958526093,IQ,52100 - 834300,625700 - 1000000
Animal Family,Animal Family,46,6340454,919464765,IN,2700 - 43300,32500 - 519700
Matthew Santoro,Matthew Santoro,813,6334743,1306388594,US,4500 - 72600,54500 - 871300
TechRax,TechRax,492,6333089,1487914949,US,5700 - 91700,68800 - 1100000
Barcroft TV,Barcroft TV,2274,6312170,4696210732,GB,4100 - 66200,49700 - 794500
FC Barcelona,FC Barcelona,7791,6296331,720310844,ES,8900 - 143200,107400 - 1700000
TVFilthyFrank,TVFilthyFrank,162,6292717,877431687,US,19400 - 310100,232600 - 3700000
SonyMusicSouthVEVO,SonyMusicSouthVEVO,3597,6283352,4580706035,US,17200 - 274600,205900 - 3300000
G-Eazy,G-Eazy,206,6272487,442078930,US,4500 - 7200,5400 - 86400
Jkk Entertainment,Jkk Entertainment,76,6265578,1360697450,IN,11100 - 178300,133700 - 2100000
Mark Rober,Mark Rober,73,6260602,678439524,US,19900 - 31900,239200 - 3800000
Tobuscus,Tobuscus,517,6255345,1382159165,US,4200 - 66900,50200 - 803200
h3h3Productions,h3h3Productions,311,6254422,1241133329,US,33500 - 535600,401700 - 6400000
FutPardias,FutPardias,248,6250006,1513566953,BR,29900 - 479200,359400 - 5800000
Sandaroo Kids [DisneyCarToys],Sandaroo Kids [DisneyCarToys],3209,6247439,7051529575,US,14300 - 22900,171700 - 2700000
Haschak Sisters,Haschak Sisters,207,6227222,2957641801,US,3700 - 58900,44200 - 707200
JP Plays,JP Plays,2183,6227179,1841186827,BR,15500 - 248600,186500 - 300000
Cellbit,Cellbit,696,6214075,634177803,BR,5300 - 84200,63100 - 100000
MBC GROUP,MBC GROUP,5135,6210589,3472960320,AE,35700 - 571900,428900 - 6900000
Neagle,Neagle,1563,6205317,912694899,BR,2500 - 39900,29900 - 478700
Big Marvel,Big Marvel,309,6203777,721219459,US,2100 - 3300,24700 - 395700
Stephen Sharer,Stephen Sharer,470,6197326,2203033769,US,18100 - 289700,217300 - 3500000
Calle y Poch,Calle y Poch,165,6195345,399065641,CO,900 - 143900,10800 - 1700000
Official Pink Panther,Official Pink Panther,449,6186074,3159719282,US,7700 - 122700,9200 - 1500000
???? ??????? ?? 5,???? ??????? ?? 5 ?????,1609,6177407,1441681409,US,6500 - 104700,78500 - 1300000
JD Pantoja,JD Pantoja,8,6177073,383934838,,320 - 5100,3800 - 61400
MBCkpop,MBCkpop,33687,6170623,4417266059,KR,8900 - 141600,106200 - 1700000
EvanTubeHD,EvanTubeHD,646,6168643,3813114197,US,3300 - 528200,396100 - 6300000
FunToysMedia,FunToysMedia,497,6164008,2732416342,US,5500 - 880200,660100 - 10600000
MotorTrend Channel,MotorTrend Channel,2222,6154525,1784805597,US,101500 - 1600000,1200000 - 19500000
gymvirtual,gymvirtual,779,6154022,855317563,ES,18400 - 294200,220700 - 3500000
Rudy Mancuso,Rudy Mancuso,97,6153596,941531829,US,2300 - 36900,27700 - 442500
Tommy'sToys,Tommy'sToys,581,6153327,1536598240,US,467 - 7500,5600 - 89600
UFC - Ultimate Fighting,UFC - Ultimate Fighting Championship,7742,6147161,1905260423,US,4300 - 69300,5200 - 831500
So Yummy,So Yummy,213,6145964,1297191978,US,9800 - 156800,117600 - 1900000
Masha e o Urso,Masha e o Urso,272,6133516,1969551070,,10200 - 162600,121900 - 200000
Smosh Pit,Smosh Pit,1258,6133341,1810731631,US,249 - 400,300 - 47800
Planet Earth INDIA,Planet Earth INDIA,346,6132014,881658750,IN,11600 - 185100,138800 - 2200000
CNCOVEVO,CNCOVEVO,57,6126871,4802126445,US,27500 - 440400,330300 - 5300000
Muca Murioca,Muca Murioca,628,6108849,647975700,BR,1700 - 27500,20600 - 329500
Izabela Stress,Izabela Stress,516,6095383,1822930651,US,10900 - 173700,130300 - 2100000
GMM25Thailand,GMM25Thailand,18560,6091351,4175321783,TH,6300 - 101400,76100 - 1200000
POCOYO en ESPAOL - Canal Oficial,POCOYO en ESPAOL - Canal Oficial,1118,6087746,4757700429,ES,25900 - 41400,310500 - 500000
Fun Kids House,Fun Kids House,977,6080492,1729362042,US,5700 - 90700,6800 - 1100000
Desi Music Factory,Desi Music Factory,65,6076476,1106931941,IN,404 - 6500,4800 - 77500
PelucheEn ElEstuche,PelucheEn ElEstuche,329,6073519,831702300,MX,5900 - 93800,70400 - 1100000
La Rosa de Guadalupe,La Rosa de Guadalupe,1850,6070957,2412614139,MX,500 - 79400,59600 - 953200
Homemade solutions,Homemade solutions,133,6068545,336207371,,1100 - 18200,13700 - 218500
MagicofRahat,MagicofRahat,254,6064418,995044771,US,4500 - 71700,53700 - 859900
Popular on YouTube - Brazil,Popular on YouTube - Brazil,0,6043285,0,,22100 - 354300,265700 - 4300000
PomPom Toys,PomPom Toys,0,6023280,0,US,902 - 14400,10800 - 173100
Vat19,Vat19,1349,6013769,4914856519,US,20700 - 331600,248700 - 400000
PrinceRoyceVEVO,PrinceRoyceVEVO,112,6001788,3226617503,US,1500 - 23600,17700 - 28300
FARRUKOVEVO,FARRUKOVEVO,63,5991712,3116519712,US,15800 - 25300,189800 - 300000
LanaDelReyVEVO,LanaDelReyVEVO,43,5987892,2596720361,US,80800 - 1300000,969900 - 15500000
5 Seconds of Summer,5 Seconds of Summer,155,5985096,307004602,AU,6900 - 110300,82700 - 1300000
Ceeday,Ceeday,376,5972705,818291096,US,500 - 79200,59400 - 950900
The Late Show with Stephen Colbert,The Late Show with Stephen Colbert,5083,5970508,4476736602,,12800 - 204600,153400 - 2500000
Indosiar,Indosiar,24202,5969150,3527384532,ID,400 - 63300,47500 - 759400
TocToc Toys,TocToc Toys,151,5965862,1452693156,PE,8100 - 130100,97500 - 1600000
BBC,BBC,23168,5961330,5444757320,GB,11300 - 180400,135300 - 2200000
DEL Records,DEL Records,1257,5956204,4009895505,US,4800 - 76200,57200 - 914600
YRF Music,YRF Music,661,5947712,248071955,IN,54600 - 873400,65500 - 10500000
Bajan,Bajan,4024,5945154,1840067149,US,3200 - 512100,384100 - 6100000
Funketon,Funketon,403,5929273,1580619413,BR,22200 - 355300,266500 - 4300000
HiMan,HiMan,171,5928705,553669346,,14300 - 229100,171800 - 2700000
OneRepublicVEVO,OneRepublicVEVO,144,5922050,4304731577,US,17800 - 285600,214200 - 3400000
Dima Kids TV,Dima Kids TV,96,5917921,862175658,US,14200 - 226600,17000 - 2700000
Lucas Lira,Lucas Lira,159,5906308,266138060,BR,2700 - 43800,32900 - 525800
Hannah Stocking,Hannah Stocking,99,5901799,1052935864,US,2200 - 351700,263800 - 4200000
Th? Nguy?n,Th? Nguy?n,760,5889157,3267324159,VN,1400 - 22100,16600 - 265100
Guns N' Roses,Guns N' Roses,0,5880065,0,US,5300 - 84100,6300 - 100000
LispyJimmy,LispyJimmy,2269,5876960,551690764,US,500 - 79800,59800 - 957400
Tibo InShape,Tibo InShape,610,5876089,1490128145,FR,900 - 143300,107400 - 1700000
Jaiden Animations,Jaiden Animations,83,5874300,703617159,US,9100 - 145100,108800 - 1700000
Rans Entertainment,Rans Entertainment,495,5871296,706652510,ID,12100 - 193400,145100 - 2300000
HoomanTV,HoomanTV,57,5859414,981848124,US,4200 - 6800,5100 - 815800
Reik,Reik,130,5853188,64043063,MX,11700 - 187500,140600 - 2200000
Health Tips for You,Health Tips for You,10088,5847727,834351221,,34 - 546,410 - 6600
FaZe Clan,FaZe Clan,1509,5841888,612065776,US,24100 - 38500,288800 - 4600000
Jaclyn Hill,Jaclyn Hill,333,5830297,487521227,US,17100 - 273800,205400 - 3300000
??? ?????? !?,??? ?????? !?,1603,5829331,942559908,SA,21900 - 349900,262400 - 4200000
ToysToSee,ToysToSee,518,5826591,3842332315,,5800 - 92300,69200 - 1100000
TheDonato,TheDonato,747,5812967,603893824,VE,19600 - 313900,235400 - 3800000
dosogas,dosogas,450,5797089,1036185767,UY,5200 - 83600,62700 - 100000
Star Casablanca | ????,Star Casablanca | ???? ?????,601,5792752,2090899849,IQ,3400 - 5500,41200 - 659700
Planet Dolan,Planet Dolan,1174,5786898,1745203497,AU,700 - 111700,83800 - 1300000
The Shiny Peanut,The Shiny Peanut,531,5785007,869130348,ID,545 - 8700,6500 - 104600
Nick Jr.,Nick Jr.,2478,5774053,4773676064,US,161 - 2600,1900 - 30800
Make Joke Of,Make Joke Of,26,5772160,635094590,IN,1700 - 27800,20900 - 33400
Anny May,Anny May,405,5768003,776504493,RU,6300 - 101100,75800 - 1200000
BE AMAZED,BE AMAZED,796,5766651,1305965896,,4500 - 72800,54600 - 873500
TomSka,TomSka,160,5759458,1352094558,GB,5200 - 83900,6300 - 100000
ElChurches,ElChurches,1770,5755982,1456113111,ES,2500 - 40700,30500 - 487800
A4,A4,101,5755788,387845742,BY,2100 - 33600,25200 - 403100
O Que No Dizer Oficial,O Que No Dizer Oficial,200,5752176,445646850,BR,100 - 16700,12500 - 200700
Inside Edition,Inside Edition,16462,5748635,6751659314,US,4100 - 65600,49200 - 787500
Tom Slime,Tom Slime,475,5733538,1682491547,US,3200 - 51300,38500 - 615600
ABS-CBN News,ABS-CBN News,96307,5731964,4020107670,PH,300 - 48100,36100 - 577300
ZicZic Supers Songs,ZicZic Supers Songs,33,5724549,472313924,US,15500 - 247600,185700 - 300000
Hueva,Hueva,1152,5722973,1185500133,MX,25900 - 414200,310600 - 500000
Team Edge,Team Edge,489,5721684,1797487094,US,4100 - 66100,49600 - 79300
TheShooterCoC,TheShooterCoC,231,5721191,428381998,ES,3900 - 62600,4700 - 751400
SAS-ASMR,SAS-ASMR,594,5707722,1181290402,CA,11600 - 185400,139100 - 2200000
dope2111,dope2111,230,5702293,1576315574,US,1400 - 22600,16900 - 270900
Corridor,Corridor,173,5699426,939889768,US,2800 - 44700,33500 - 536200
Amazing Kids Toys Review,Amazing Kids Toys Review,547,5698662,1506748973,AU,16100 - 258200,193600 - 3100000
WatchMojo Espaol,WatchMojo Espaol,1486,5697310,1119211518,CA,5100 - 81600,61200 - 978600
BBC Radio 1,BBC Radio 1,3937,5685367,2104425488,GB,25500 - 407700,305800 - 4900000
MoonKase,MoonKase,2995,5682548,1685857876,BR,12500 - 199400,149500 - 2400000
Creepypastas Everywhere,Creepypastas Everywhere,403,5681891,744757405,MX,3200 - 51600,38700 - 619600
CanalKids HD,CanalKids HD,20,5677343,1147072,BR,33800 - 540500,405400 - 6500000
#Mind Warehouse,#Mind Warehouse,350,5672610,1642709337,US,755 - 12100,9100 - 14500
Cameron Dallas,Cameron Dallas,3,5666926,5123854,US,4500 - 72100,54100 - 865300
MBC ???,MBC ???,13170,5664537,3563328985,EG,24100 - 386100,289500 - 4600000
????????? Ms Yeah,????????? Ms Yeah Official,125,5658396,1222308899,CN,10700 - 171600,128700 - 2100000
ToyTocToc,ToyTocToc,563,5657738,1828019408,US,5100 - 81700,61300 - 980800
malena010102,malena010102,3262,5655583,842934391,BR,5400 - 85600,64200 - 100000
Dave and Ava - Nursery Rhymes and,Dave and Ava - Nursery Rhymes and Baby Songs,413,5647907,3205693115,CA,79300 - 1300000,951900 - 15200000
Harsh Beniwal,Harsh Beniwal,126,5644604,404055598,IN,8400 - 133600,100200 - 1600000
SciShow,SciShow,1891,5638727,994193831,US,1500 - 23500,17600 - 281700
RaeSremmurdVEVO,RaeSremmurdVEVO,51,5630268,3198561704,US,14500 - 231900,173900 - 2800000
Juan Pablo Jaramillo,Juan Pablo Jaramillo,315,5618947,363259226,CO,3700 - 59600,44700 - 71500
mangelrogel,mangelrogel,432,5617508,374714089,ES,53 - 849,637 - 10200
Cute Girls Hairstyles,Cute Girls Hairstyles,584,5611031,1153432595,US,9600 - 152900,114700 - 1800000
Taciele Alcolea,Taciele Alcolea,1245,5605958,636924488,BR,800 - 128200,96100 - 1500000
Sanam,Sanam,105,5605805,1015027193,IN,3600 - 56900,42700 - 683100
BibisBeautyPalace,BibisBeautyPalace,715,5602127,2248940761,DE,6600 - 106300,79800 - 1300000
Nickelodeon,Nickelodeon,3137,5599503,3094757886,US,7 - 108,81 - 1300
1Kilo Oficial,1Kilo Oficial,126,5596715,1062790300,BR,15600 - 249700,187300 - 300000
FitnessBlender,FitnessBlender,860,5593419,923658595,US,27300 - 437400,32800 - 5200000
Sungha Jung,Sungha Jung,1115,5592708,1613821607,KR,4600 - 73500,55100 - 882100
SeaNanners Gaming Channel,SeaNanners Gaming Channel,1839,5587698,2552980237,US,6700 - 107700,80800 - 1300000
Lucas Lucco,Lucas Lucco,96,5585502,1481198099,BR,23400 - 374900,281200 - 4500000
Alltime10s,Alltime10s,1714,5585029,2125249963,US,2800 - 45100,33800 - 540700
Brooklyn and Bailey,Brooklyn and Bailey,367,5579986,958394544,US,1800 - 28500,21300 - 341600
The Try Guys,The Try Guys,89,5578590,454211157,US,16500 - 26400,19800 - 3200000
PlayToys,PlayToys,713,5578182,2376984568,GB,28900 - 461800,346400 - 5500000
BigDawsTv,BigDawsTv,217,5575684,907216108,US,300 - 47800,35800 - 573200
Vikkstar123,Vikkstar123,4554,5571352,1551158176,GB,2600 - 42400,31800 - 508600
Coffi Channel,Coffi Channel,2803,5566478,2002198733,RU,14200 - 227700,170700 - 2700000
????????,????????,223,5562183,705392429,RU,5800 - 93500,70100 - 1100000
8D TUNES,8D TUNES,123,5561782,188621816,CO,2500 - 40700,30500 - 488500
Cat Music,Cat Music,1874,5560747,5432940514,RO,20600 - 33000,247500 - 400000
La Bala,La Bala,205,5556385,553590812,MX,9700 - 15600,11700 - 1900000
Sing King Karaoke,Sing King Karaoke,1759,5554307,2636756579,GB,2400 - 38500,28800 - 461600
CamilaCabelloVEVO,CamilaCabelloVEVO,29,5551590,3331173371,,1200 - 19600,14700 - 235500
Niana Guerrero,Niana Guerrero,120,5551392,343160674,PH,12700 - 203800,152900 - 2400000
Mnet Official,Mnet Official,12106,5549949,3928880703,KR,6800 - 108600,81400 - 1300000
skgames,skgames,7,5541054,233248905,TR,23500 - 376700,282500 - 4500000
QPark,QPark,268,5539405,486105100,US,7200 - 115400,86600 - 1400000
Thairath,Thairath,109939,5519153,3275830873,TH,750 - 1200,900 - 14400
TikTak Draw,TikTak Draw,537,5500361,826362888,ES,587 - 9400,700 - 112700
VRZOchannel,VRZOchannel,1031,5495172,1812348904,TH,33200 - 531500,398700 - 6400000
Irmos Berti,Irmos Berti,167,5492474,348604240,,1500 - 23900,17900 - 286800
Oyuncak Av?,Oyuncak Av?,529,5483402,2974779634,TR,5400 - 864500,648400 - 10400000
DisneyChannelLAVEVO,DisneyChannelLAVEVO,173,5473822,2723758655,,20800 - 333100,249800 - 400000
The Key of Awesome,The Key of Awesome,1100,5473407,3188785111,US,28900 - 462700,347100 - 5600000
Mister Bean Number One Fan in HD -,Mister Bean Number One Fan in HD - Full,3022,5464762,1983782916,GB,9700 - 154800,116100 - 1900000
patty dragona,patty dragona,1134,5455561,649187478,ES,30 - 475,356 - 5700
ConnorFranta,ConnorFranta,343,5447449,426615611,US,14500 - 231500,173700 - 2800000
21 Savage,21 Savage,96,5446863,1420272984,US,400 - 64100,48100 - 769500
Alternative Rock - Topic,Alternative Rock - Topic,0,5436080,0,,20100 - 32100,240800 - 3900000
Maiara e Maraisa,Maiara e Maraisa,86,5430939,3233289482,BR,5800 - 93200,69900 - 1100000
5 Alguma Coisa,5 Alguma Coisa,375,5429534,1195665414,BR,32500 - 519400,389500 - 6200000
Pabllo Vittar,Pabllo Vittar,73,5426299,984304789,BR,39500 - 632300,474200 - 7600000
Super Polina Play,Super Polina Play,118,5426200,880143404,US,4200 - 6700,50300 - 804200
GoldminesAction,GoldminesAction,44,5425865,256654268,IN,174 - 2800,2100 - 33500
Halsey,Halsey,12,5417099,1961424,US,2800 - 44200,33100 - 529800
Crazy Frog,Crazy Frog,11,5414626,2733774043,DE,6800 - 108200,81200 - 1300000
Caso Cerrado,Caso Cerrado,2911,5407901,3035383560,US,14400 - 230600,172900 - 2800000
Vanh Leg,Vanh Leg,62,5394504,1157756855,VN,12800 - 204900,153700 - 2500000
HTV2-Vie Channel,HTV2-Vie Channel,6662,5379007,2949957259,VN,394 - 6300,4700 - 75700
Flow La Movie,Flow La Movie,26,5377930,2007438190,,62100 - 994100,745500 - 11900000
RackaRacka,RackaRacka,152,5374058,827190921,AU,8800 - 141200,105900 - 1700000
sTaXx,sTaXx,3206,5371205,1074260622,ES,241 - 3900,2900 - 46300
YtCrash,YtCrash,916,5366438,1336181945,ID,1200 - 19500,14600 - 233900
DreamWorksTV,DreamWorksTV,3971,5354660,3908675202,US,8200 - 131600,98700 - 1600000
Dyler | ?????,Dyler | ?????,234,5353698,672747500,SA,4200 - 67500,50600 - 810400
Coby Persin,Coby Persin,88,5345915,936164277,US,31700 - 506500,379900 - 6100000
Funny Sofia Show,Funny Sofia Show,75,5337267,1109600564,US,3500 - 56500,42300 - 677500
Minguado,Minguado,1013,5336750,1217092389,BR,100 - 16300,12200 - 195700
Mr. Tops,Mr. Tops,296,5333974,596001675,US,2100 - 33600,25200 - 403300
Masha y el Oso,Masha y el Oso,259,5325152,2019969731,,78400 - 1300000,941200 - 15100000
Nintendo,Nintendo,3380,5324911,1647028374,US,1000 - 159600,119700 - 1900000
devinsupertramp,devinsupertramp,304,5324825,1209917879,US,2700 - 42500,31900 - 510400
Ayurved Tips in Hindi,Ayurved Tips in Hindi,164,5320096,364272955,IN,25400 - 405800,304400 - 4900000
ElTrollino,ElTrollino,1360,5318323,1094158276,ES,10400 - 166700,12500 - 200000
ToysYJuguetesTV,ToysYJuguetesTV,861,5316645,1781475429,CO,23600 - 377700,283300 - 4500000
T-Series Regional,T-Series Regional,15407,5314563,2191659720,IN,408 - 6500,4900 - 78200
videogamedunkey,videogamedunkey,626,5313943,1971134766,US,10100 - 161600,121200 - 1900000
AlexXxStrecci,AlexXxStrecci,449,5311524,620129655,MX,10400 - 165900,124400 - 200000
FaZe Rain,FaZe Rain,1647,5308184,1007885434,CA,695 - 11100,8300 - 133400
MTZ Manuel Turizo,MTZ Manuel Turizo,15,5307456,2677218304,CO,781 - 12500,9400 - 149900
HZHtube Kids Fun,HZHtube Kids Fun,302,5304550,1085198706,CA,1200 - 18600,1400 - 223200
De'arra & Ken 4 Life,De'arra & Ken 4 Life,229,5303753,669056456,US,1400 - 22100,16600 - 265400
shfa,shfa,516,5301537,1903593857,AE,6900 - 11000,82500 - 1300000
Kodak Black,Kodak Black,250,5297656,2409212452,,6200 - 98500,73900 - 1200000
?????,?????,1946,5296606,2538470642,RU,172 - 2700,2100 - 3300
DJKhaledVEVO,DJKhaledVEVO,42,5293311,3090245854,US,6200 - 99300,74500 - 1200000
Akon,Akon,38,5292908,15986827,,413 - 6600,500 - 79200
icanrockyourworld,icanrockyourworld,8,5291011,2864467363,US,40500 - 648400,486300 - 7800000
Lorrayne Oliveira,Lorrayne Oliveira,325,5278826,498694944,BR,1100 - 176200,132200 - 2100000
Mimonona Stories,Mimonona Stories,303,5266807,1481766931,PA,3800 - 60800,45600 - 730200
Kafalar,Kafalar,279,5262137,885790788,TR,9500 - 151300,113500 - 1800000
Strawberry Jam Toys,Strawberry Jam Toys,662,5261412,1927409436,AU,8700 - 139600,104700 - 1700000
MBCentertainment,MBCentertainment,62854,5258229,6170325824,KR,1200 - 191400,143600 - 2300000
JonTronShow,JonTronShow,101,5252540,737291676,US,12700 - 20400,15300 - 2400000
Boca Rosa,Boca Rosa,594,5246935,367296786,BR,3900 - 62900,47200 - 754500
Maria Venture,Maria Venture,116,5237170,191117593,,36 - 569,427 - 6800
Bouncing Baby TV,Bouncing Baby TV,20,5235707,354327024,US,217 - 3500,2600 - 41600
Power Vision,Power Vision,877,5234029,1747809829,US,10600 - 169800,127300 - 200000
Daily Dose Of Internet,Daily Dose Of Internet,30,5209999,121848698,US,4800 - 77500,58100 - 929700
SteveKardynal,SteveKardynal,43,5204412,535008143,US,500 - 80600,60400 - 966900
BollyHD 1080p,BollyHD 1080p,43,5203898,1141844944,IN,2900 - 47100,35400 - 565800
OHA diyorum!,OHA diyorum!,2490,5199283,2896959274,TR,9900 - 158500,118900 - 1900000
Alfie Deyes,Alfie Deyes,266,5196675,499475531,GB,6900 - 11000,82500 - 1300000
NexxuzHD,NexxuzHD,706,5195555,1137335518,ES,25400 - 40700,305200 - 4900000
Piuzinho,Piuzinho,335,5188871,326999737,BR,3500 - 560500,420400 - 6700000
Julien Bam,Julien Bam,233,5188664,1122018732,DE,62400 - 997700,748300 - 1200000
Mor Haryanvi,Mor Haryanvi,334,5187805,1781581369,IN,13200 - 211700,158800 - 2500000
Stubborn Facts,Stubborn Facts,74,5187236,78419158,IN,7600 - 122100,91600 - 1500000
Maisa Silva,Maisa Silva,164,5186197,145471256,BR,5600 - 90200,67600 - 1100000
Rainbow Learning,Rainbow Learning,933,5184504,2151053335,NZ,20-Jan,15 - 240
Johny FamilyShow,Johny FamilyShow,212,5181709,1611260041,US,30 - 485,364 - 5800
iggyazaleamusicVEVO,iggyazaleamusicVEVO,53,5179200,2700874655,AU,8200 - 130600,9800 - 1600000
TheOfficialLoganPaul,TheOfficialLoganPaul,41,5176276,532913126,US,4200 - 66800,50100 - 801400
MEGA Oficial,MEGA Oficial,20070,5174889,3662464790,CL,618 - 9900,7400 - 118700
Official Sabyan gambus,Official Sabyan gambus,11,5174833,1235617921,ID,2900 - 46200,34700 - 554400
DisneyJuniorUK,DisneyJuniorUK,2147,5174658,6054122416,GB,7300 - 116800,87600 - 1400000
Zara Larsson,Zara Larsson,39,5173331,89936021,SE,14300 - 228500,171400 - 2700000
BritneySpearsVEVO,BritneySpearsVEVO,99,5172717,4716764139,US,970 - 15500,11600 - 186300
MBC THE VOICE KIDS,MBC THE VOICE KIDS,303,5172138,3211911864,,839 - 13400,10100 - 161100
Caue Moura,Caue Moura,523,5165917,541509841,BR,300 - 47500,35600 - 569700
MoreAliA,MoreAliA,1412,5160172,975892300,GB,25200 - 403800,302800 - 4800000
Zedd,Zedd,96,5159611,121013491,US,12700 - 203300,152500 - 2400000
Joe Weller,Joe Weller,318,5153864,1002971952,GB,2500 - 40100,30100 - 481700
?FavijTV,?FavijTV,1986,5145366,2831948523,IT,1600 - 256500,192400 - 3100000
alanzoka,alanzoka,2729,5145056,852439252,BR,8300 - 13200,9900 - 1600000
Black Eyed Peas,Black Eyed Peas,29,5144196,39260051,US,19 - 309,232 - 3700
Jess No Limit,Jess No Limit,438,5144036,506523760,ID,1900 - 3000,22500 - 360500
SirKazzio,SirKazzio,4101,5139308,971822231,PT,9900 - 158100,118600 - 1900000
Come Play With Me,Come Play With Me,217,5139177,4790785220,,3600 - 57500,43100 - 690100
AWESMR kids,AWESMR kids,2050,5136956,3654711405,US,28600 - 457700,343200 - 5500000
Jon Vlogs,Jon Vlogs,656,5136609,539653369,BR,5700 - 9100,68300 - 1100000
jesseyjoyoficial,jesseyjoyoficial,181,5131992,2877166931,MX,7500 - 120300,90200 - 1400000
Joo Caetano,Joo Caetano,812,5126417,480008001,BR,87 - 1400,100 - 16700
platinumrecordsmusic,platinumrecordsmusic,468,5122654,2632325994,AE,3600 - 5800,43500 - 695700
Sonotek Official,Sonotek Official,944,5120905,1564928790,IN,26200 - 418400,313800 - 500000
Yuka Kinoshita?????,Yuka Kinoshita?????,1622,5115410,1778478930,JP,18600 - 297600,223200 - 3600000
John Legend,John Legend,140,5112234,17686992,US,2500 - 39500,29600 - 473700
Lui Calibre,Lui Calibre,448,5107913,567089076,US,1900 - 30100,22600 - 361800
Anne-Marie,Anne-Marie,65,5098539,1054597985,GB,12800 - 204200,153100 - 2500000
the Hacksmith,the Hacksmith,582,5097751,389618131,CA,5400 - 86300,64700 - 100000
???? ???????????,???? ???????????,258,5097023,604304002,US,1200 - 18600,13900 - 22300
Bretman Rock,Bretman Rock,81,5095585,244040834,US,8200 - 130600,97900 - 1600000
iKON,iKON,359,5087194,1157080095,,6100 - 97300,7300 - 1200000
Amixem,Amixem,484,5086746,1014626512,FR,628 - 1000,7500 - 120500
DANIEL EL TRAVIESO VIDEOS,DANIEL EL TRAVIESO VIDEOS,219,5084817,1554327838,PR,35400 - 566200,424700 - 6800000
Sony PAL,Sony PAL,9207,5073015,2449117106,IN,11800 - 188700,141500 - 2300000
TRANS7 OFFICIAL,TRANS7 OFFICIAL,39578,5068418,1937725491,ID,30700 - 491400,368500 - 5900000
Fortnite,Fortnite,190,5052182,544672877,US,6400 - 101700,76200 - 1200000
Study IQ education,Study IQ education,8413,5047939,488476773,IN,17600 - 281900,211400 - 3400000
Bruno Correa,Bruno Correa,581,5043172,228649019,BR,3400 - 54200,40700 - 650700
Mark Ronson,Mark Ronson,15,5041031,3001029,GB,8900 - 141800,106400 - 1700000
Kanye West,Kanye West,2,5040680,11018870,US,7100 - 113800,85300 - 1400000
CartoonKiDS BR,CartoonKiDS BR,2217,5039117,1847620365,BR,Feb-30,22 - 359
LOLiTO FDEZ,LOLiTO FDEZ,856,5039044,543190613,ES,400 - 63600,47700 - 762800
SHAYTARDS,SHAYTARDS,2715,5038384,2815930994,US,16700 - 266700,20000 - 3200000
JeromeASF,JeromeASF,6977,5032592,1530722590,US,1500 - 23400,17600 - 281200
DjMaRiiO,DjMaRiiO,2132,5031778,1507928553,ES,3300 - 53100,39900 - 637800
Red Chillies Entertainment,Red Chillies Entertainment,685,5024740,1754947894,IN,7400 - 118700,8900 - 1400000
HigaTV,HigaTV,398,5022766,782316425,US,1600 - 256100,19200 - 3100000
Don Omar,Don Omar,108,5022726,279239160,PR,253 - 400,300 - 48600
Pagode da Ofensa na Web!,Pagode da Ofensa na Web!,155,5022595,512434148,BR,6600 - 10500,78800 - 1300000
SurpriseJoe,SurpriseJoe,94,5022337,1242970465,DE,1800 - 28900,21600 - 346400
GameGrumps,GameGrumps,6636,5018039,4705761755,US,21400 - 342900,257200 - 4100000
Wisin,Wisin,0,5014924,0,,1400 - 21600,16200 - 259600
David Dobrik Too,David Dobrik Too,67,5013549,397747331,US,1500 - 23600,17700 - 28300
Hong Giang DIY Slime,Hong Giang DIY Slime,458,5013464,1374823950,US,3900 - 62900,47200 - 754900
Kontor.TV,Kontor.TV,1939,5005358,4785670468,DE,1300 - 20800,15600 - 249600
Khalid,Khalid,6,5004600,2635509,,5400 - 8600,64500 - 100000
YourHealth,YourHealth,366,5001866,434396968,IN,18600 - 297400,22300 - 3600000
Mother Goose Club,Mother Goose Club,775,4995299,6245719862,US,610 - 9800,7300 - 117100
Rainbow ToyTocToc,Rainbow ToyTocToc,109,4993902,1303944008,KR,16400 - 262700,19700 - 3200000
Santa Songs,Santa Songs,164,4993287,873017376,US,8300 - 133500,100100 - 1600000
Wish 107.5,Wish 107.5,846,4986065,1849042096,PH,1600 - 25300,18900 - 30300
Daequan Loco,Daequan Loco,474,4984392,545414970,,23800 - 380300,285200 - 4600000
LilWayneVEVO,LilWayneVEVO,39,4973538,2551346091,US,939 - 1500,11300 - 180200
Projota,Projota,2,4972568,70382906,BR,1800 - 28800,21600 - 345100
Marcos Coelho,Marcos Coelho,61,4972096,229302636,BR,1600 - 26100,19600 - 313700
Aditya Movies - Telugu & Hindi,Aditya Movies - Telugu & Hindi,3823,4968914,1691290937,IN,1200 - 18900,14100 - 226300
???? ? ?????,???? ? ?????,1757,4966328,873991063,RU,2500 - 40200,30200 - 482600
Goldmines Premiere,Goldmines Premiere,33,4965230,156743491,IN,5100 - 80900,60700 - 970900
Gelli Clash,Gelli Clash,1612,4964783,765218835,BR,700 - 111300,83500 - 1300000
ExplodingTNT,ExplodingTNT,662,4958918,1334073472,CA,51 - 809,607 - 9700
Slogoman,Slogoman,2977,4957803,2066273932,GB,3100 - 5000,37500 - 599900
Patty Mayo,Patty Mayo,110,4952660,355259692,US,54800 - 87700,657800 - 10500000
MrPoladoful,MrPoladoful,365,4946679,459803801,BR,4400 - 70600,52900 - 846900
jvnq,jvnq,4631,4939165,1396348977,BR,38800 - 62000,46500 - 7400000
Saskia's Dansschool,Saskia's Dansschool,266,4932045,1261297267,NL,4600 - 74200,55600 - 890100
ckan98,ckan98,120,4929989,189138982,MX,391 - 6300,4700 - 75100
Ali Baba,Ali Baba,419,4925977,1555173211,UA,38400 - 614900,461200 - 7400000
Crescendo com Luluca,Crescendo com Luluca,554,4924276,904637867,BR,3900 - 62300,46700 - 747500
Jass Records,Jass Records,2026,4923353,1572675817,IN,4100 - 65600,49200 - 787400
CuriosoBen,CuriosoBen,252,4922994,459132521,US,1700 - 26800,20100 - 322100
TeluguOne,TeluguOne,34905,4922491,2893083077,IN,34400 - 551100,413300 - 6600000
AVRprankTV,AVRprankTV,77,4921421,546148246,IN,41400 - 663100,497300 - 800000
Lama Fach,Lama Fach,725,4916662,1126659343,FR,2800 - 44800,33600 - 53800
?????,?????,80,4916658,536759163,,721 - 11500,8700 - 138500
Ricky Martin,Ricky Martin,14,4911942,224081,,2200 - 34500,25900 - 413900
Mundo da Vivi,Mundo da Vivi,289,4911208,703996937,BR,300 - 4800,3600 - 576100
The Infographics Show,The Infographics Show,896,4908199,930573677,US,1500 - 23600,17700 - 282700
PONY Syndrome,PONY Syndrome,114,4906608,257473110,KR,129 - 2100,1600 - 24900
Brandon Rogers,Brandon Rogers,176,4905641,749063629,US,10300 - 164100,123100 - 200000
ChuChuTV Surprise Eggs Learning,ChuChuTV Surprise Eggs Learning Videos,100,4898591,2639197012,IN,40900 - 65400,490500 - 7800000
PowerfulJRE,PowerfulJRE,2221,4896924,1151010484,US,100 - 16600,12400 - 198900
nomegusta,nomegusta,190,4892639,222820967,BR,1700 - 27200,20400 - 325900
GamingWithJen,GamingWithJen,465,4885625,904481224,US,1900 - 29900,22500 - 359400
Daftar Populer,Daftar Populer,1234,4885266,701959080,ID,833 - 13300,1000 - 159900
Morphle TV,Morphle TV,420,4884267,3656246623,US,15900 - 253700,190300 - 300000
Manny Mua,Manny Mua,385,4881614,446217363,US,32400 - 518800,389100 - 6200000
Julio Cocielo,Julio Cocielo,38,4880555,139985463,BR,14300 - 228500,171400 - 2700000
HEARTROCKER,HEARTROCKER,1167,4880469,1296686881,TH,6800 - 108100,81100 - 1300000
Zoe Sugg,Zoe Sugg,515,4879405,799778866,GB,2500 - 40700,30500 - 488100
Will Smith,Will Smith,55,4878772,206824572,US,10600 - 169600,127200 - 200000
???? ????? ????? |,???? ????? ????? | Arab Games,2279,4875194,822775390,SA,5500 - 8800,6600 - 1100000
SixPackAbs.com,SixPackAbs.com,571,4873630,562235234,US,17400 - 278900,209200 - 3300000
GunsNRosesVEVO,GunsNRosesVEVO,39,4872111,4080829766,US,7300 - 11700,87700 - 1400000
Naiara Azevedo,Naiara Azevedo,119,4869908,1488725821,BR,3900 - 63100,47300 - 757600
Household Hacker,Household Hacker,486,4868053,839309131,US,8200 - 130800,98100 - 1600000
Princess Bnh Bao,Princess Bnh Bao,578,4861957,1852044811,CA,1500 - 240300,180200 - 2900000
Christian Figueiredo,Christian Figueiredo,733,4859912,464237392,BR,29 - 469,352 - 5600
Experimentar En Casa,Experimentar En Casa,144,4858088,628503248,ES,8300 - 132700,99600 - 1600000
FaZe Apex,FaZe Apex,1738,4856951,924356969,US,228 - 3700,2700 - 43800
BINBIN,BINBIN,29,4855024,301311127,US,50500 - 80800,60600 - 9700000
Katie OnTheRoad,Katie OnTheRoad,263,4851631,294845584,US,5600 - 90300,67700 - 1100000
VIRAL,VIRAL,614,4849314,1161324185,AR,38600 - 617400,463100 - 7400000
gameranx,gameranx,1787,4841503,1385363491,US,16400 - 261800,196300 - 3100000
Travis Scott,Travis Scott,6,4831746,5489754,,39100 - 625600,469200 - 7500000
FaZe Banks,FaZe Banks,167,4831088,335870537,US,16600 - 265400,19900 - 3200000
Mazhavil Manorama,Mazhavil Manorama,32252,4828780,3905792296,IN,4400 - 70600,52900 - 846800
Keyblade,Keyblade,281,4824478,1658770151,ES,4600 - 73400,55100 - 881300
Kid Studio,Kid Studio,1313,4820831,2742200864,VN,15700 - 251100,188300 - 300000
blndsundoll4mj,blndsundoll4mj,2259,4815392,1523358421,US,30500 - 488500,366400 - 5900000
Martinez Twins,Martinez Twins,174,4801778,414764186,US,18900 - 301800,226400 - 3600000
News Tak,News Tak,12421,4799126,1040997736,IN,2100 - 32800,24600 - 393900
DramaAlert,DramaAlert,963,4795836,1029973105,US,8100 - 13000,97500 - 1600000
The Rybka Twins,The Rybka Twins,175,4795349,549575543,AU,112 - 1800,1300 - 21400
Gregory Kessey,Gregory Kessey,114,4793849,201931623,BR,862 - 13800,10300 - 165600
AMARIN TVHD,AMARIN TVHD,77963,4791573,3731915098,TH,1400 - 224600,168400 - 2700000
Zee Bangla,Zee Bangla,66119,4791209,3599591824,IN,3900 - 63100,47300 - 757500
ChrisFix,ChrisFix,312,4789561,656925564,US,11800 - 189200,141900 - 2300000
whatdafaqshow,whatdafaqshow,582,4787903,694937610,PE,7400 - 118600,88900 - 1400000
XpertThief,XpertThief,1704,4779783,1171488365,US,2500 - 39800,29900 - 477800
Kronno Zomber,Kronno Zomber,215,4777065,686771608,ES,4300 - 68300,51200 - 819200
Natoo,Natoo,87,4776496,656721490,FR,7500 - 120400,90300 - 1400000
Thalia,Thalia,57,4776194,27366801,US,20800 - 333400,25000 - 400000
DeGoBooM,DeGoBooM,1657,4773761,1280435919,CL,47 - 747,560 - 900
Maymo,Maymo,304,4767878,1886810445,US,1400 - 22300,16700 - 267400
Flavia Pavanelli,Flavia Pavanelli,321,4767824,247998144,BR,9600 - 153200,114900 - 1800000
Nilson Izaias Papinho Oficial,Nilson Izaias Papinho Oficial,42,4765094,50257374,,44300 - 708700,531500 - 8500000
Le Rire Jaune,Le Rire Jaune,128,4763047,785380399,FR,1800 - 29200,21900 - 35100
KygoMusic,KygoMusic,21,4760062,439730484,NO,8200 - 130700,9800 - 1600000
KN Channel,KN Channel,686,4758388,2736660121,US,3100 - 48900,36600 - 586200
ESPN,ESPN,19986,4750154,2826192224,US,900 - 14400,10800 - 1700000
Sonotek Bhakti,Sonotek Bhakti,5005,4749285,1180667473,IN,26300 - 42000,31500 - 500000
Universe Adventure,Universe Adventure,217,4747012,575998280,IN,1600 - 25200,18900 - 302400
bytarifa,bytarifa,178,4745816,382249854,ES,9100 - 14600,109500 - 1800000
Life Hacks & Experiments,Life Hacks & Experiments,419,4744184,1567048260,RS,22800 - 36400,27300 - 4400000
DashieGames,DashieGames,2305,4742629,1949243909,US,869 - 13900,10400 - 166900
TV Ana Emilia,TV Ana Emilia,216,4741790,1230312870,MX,892 - 14300,10700 - 171200
Freak Family Vlogs,Freak Family Vlogs,1,4740278,60314,US,1500 - 24700,18500 - 296300
Paulinho e Toquinho,Paulinho e Toquinho,716,4738195,2585984980,US,3700 - 58600,43900 - 70300
Fitz,Fitz,145,4729581,455845693,NZ,478 - 7600,5700 - 91700
Melliart,Melliart,76,4726447,604893744,UA,1700 - 27400,20500 - 328600
Larva TUBA,Larva TUBA,1473,4726405,2172522099,KR,1300 - 20900,15700 - 251100
Usher,Usher,97,4725048,48220201,US,16700 - 266800,200100 - 3200000
MUEVA Records,MUEVA Records,28,4721592,1551153151,AR,962 - 15400,11500 - 184800
GloZell Green,GloZell Green,2316,4719893,845298432,US,1200 - 19300,14500 - 231200
ETV Jabardasth,ETV Jabardasth,3735,4719652,4290216700,IN,23100 - 369100,276800 - 4400000
The Timeliners,The Timeliners,191,4718880,459254149,IN,1400 - 223600,167700 - 2700000
Crafty Panda,Crafty Panda,84,4712345,890158507,US,8800 - 141500,106100 - 1700000
Troom Troom PT,Troom Troom PT,444,4711742,880150449,,4300 - 69400,5200 - 832600
